STATE,REGION,SEX,PROFESSION,AGE,HAS_CHILDREN,SALARY,N_OF_DEPENDENTS,CAR_OWNERSHIP,HOUSE_OWNERSHIP,TIME_AS_CUSTOMER,MARITAL_STATUS,CREDIT_BALANCE,BANK_FUNDS,CHECKING_AMOUNT,MONEY_MONTLY_OVERDRAWN,T_AMOUNT_AUTOM_PAYMENTS,MONTHLY_CHECKS_WRITTEN,MORTGAGE_AMOUNT,N_TRANS_ATM,N_MORTGAGES,N_TRANS_TELLER,CREDIT_CARD_LIMITS,N_TRANS_KIOSK,N_TRANS_WEB_BANK,LTV,LTV_BIN,BUY_INSURANCE
CA,West,M,IT Staff,63,0,59461,0,1,0,2,SINGLE,0,0,25,53.06,504,0,0,0,0,0,900,2,0,22165.25,HIGH,0
CA,West,M,PROF-9,36,1,60271,1,1,1,1,DIVORCED,0,2900,25,54.51,1311,3,3063,5,1,1,900,0,3063,22167.75,HIGH,1
FL,South,M,Programmer/Developer,21,0,64738,3,1,0,3,SINGLE,0,500,25,53.02,539,4,0,2,0,2,1000,4,0,13784.5,LOW,1
WA,West,F,IT Staff,47,1,65071,1,1,1,1,OTHER,56297,12500,25,57.7,59437,17,15000,6,1,7,500,3,3000,24467.75,HIGH,1
UT,Southwest,M,Technical Writer,26,0,61674,3,1,1,3,SINGLE,0,0,25,53.06,0,0,300,0,1,0,1500,5,300,23518.5,HIGH,0
CA,West,M,Not specified,47,1,63979,4,1,1,4,DIVORCED,11518,5503,15060,54.6,27386,4,4000,5,1,4,800,3,1803,19694.75,MEDIUM,1
NY,NorthEast,F,IT Staff,68,1,57124,1,1,1,1,WIDOWED,446,17100,1076,53.42,6281,4,5000,4,1,5,1500,10,3100,24581.0,HIGH,0
OR,West,M,Not specified,36,0,65506,0,1,1,2,DIVORCED,5495,10150,2442,55.06,10846,6,3000,5,1,3,500,3,2100,30976.5,VERY HIGH,0
NY,NorthEast,M,PROF-45,39,0,62222,0,1,0,2,SINGLE,0,5166,25,53.58,4983,2,0,4,0,4,900,0,2166,20455.5,MEDIUM,1
NY,NorthEast,M,Programmer/Developer,26,0,66785,3,1,1,3,SINGLE,0,600,25,53.83,357,0,250,4,1,2,1000,1,250,24796.25,HIGH,1
CA,West,M,Clerical,34,1,66860,3,1,2,3,DIVORCED,0,3300,64,53.35,1200,2,1942,3,2,3,500,0,1000,30615.0,VERY HIGH,1
NY,NorthEast,F,PROF-5,51,0,61725,1,1,1,1,DIVORCED,0,0,3907,53.28,6320,3,3000,3,1,1,900,2,3000,29031.25,HIGH,0
FL,South,M,Programmer/Developer,34,1,66717,3,1,1,3,SINGLE,0,0,25,53.3,0,5,400,3,1,1,700,1,400,20579.25,MEDIUM,0
MI,Midwest,M,IT Staff,31,1,62065,3,1,1,3,MARRIED,0,450,25,53.4,154,13,700,4,1,2,600,2,700,19116.25,MEDIUM,1
CA,West,M,Secretary,31,0,60979,3,1,1,3,MARRIED,0,1900,13931,54.95,13939,2,1400,5,1,1,1500,1,1400,23844.75,HIGH,0
NY,NorthEast,M,Nurse,34,0,76159,0,1,0,2,SINGLE,0,0,25,53.06,502,0,0,0,0,0,1500,1,0,23439.75,HIGH,0
IL,Midwest,F,School Teacher,67,1,63581,2,1,1,2,WIDOWED,0,26300,6028,53.83,7794,16,7000,4,1,5,800,0,4300,24595.25,HIGH,0
NY,NorthEast,F,PROF-1,53,1,66372,1,1,1,1,DIVORCED,0,6282,14522,53.8,15036,12,2300,4,1,6,1300,2,1495,25393.0,HIGH,0
CA,West,M,Waiter/Waitress,22,0,70065,4,1,1,4,SINGLE,0,350,25,53.22,0,3,300,3,1,2,1500,1,300,23716.25,HIGH,0
NY,NorthEast,M,PROF-1,31,0,65007,1,1,1,1,SINGLE,0,0,25,53.06,0,0,633,0,1,0,600,1,633,27851.75,HIGH,0
CA,West,M,Nurse,23,0,66488,3,0,0,3,SINGLE,0,0,25,53.06,0,1,0,0,0,0,1500,1,0,14422.0,MEDIUM,0
NY,NorthEast,F,PROF-63,0,1,66857,3,1,1,4,MARRIED,0,1600,1070,53.66,2022,5,1500,4,1,2,1300,0,300,0.0,LOW,0
MI,Midwest,M,Truck Driver,53,0,63012,1,1,0,1,SINGLE,0,7662,25,53.82,1745,4,0,4,0,2,700,2,2662,19553.0,MEDIUM,0
MI,Midwest,M,PROF-48,79,1,69639,0,1,0,2,SINGLE,0,0,25,53.06,506,0,0,0,0,0,900,0,0,21309.75,MEDIUM,0
NY,NorthEast,M,PROF-57,27,0,61807,0,1,0,2,SINGLE,0,0,25,53.06,506,0,0,0,0,0,500,2,0,19151.75,MEDIUM,0
NY,NorthEast,M,Programmer/Developer,22,0,69229,3,1,0,3,SINGLE,0,500,98,53.05,106,7,0,2,0,2,1000,1,0,15007.25,MEDIUM,0
CA,West,M,Childcare Worker,43,0,58404,3,1,1,3,MARRIED,0,0,25,53.06,506,0,800,0,1,0,900,3,800,24401.0,HIGH,0
NY,NorthEast,M,PROF-57,33,0,59065,0,0,0,2,SINGLE,0,0,25,53.06,0,0,0,0,0,0,900,2,0,19066.25,MEDIUM,0
OR,West,M,Not specified,43,0,66000,1,1,2,1,DIVORCED,75491,9100,1428,54.43,77470,2,4000,5,2,4,900,0,3300,39300.0,VERY HIGH,1
MI,Midwest,F,IT Staff,78,1,55957,1,1,1,4,DIVORCED,92734,7648,7170,54.55,100578,17,3000,5,1,4,1500,1,3824,26789.25,HIGH,0
CA,West,M,Not specified,47,0,69003,1,1,1,1,DIVORCED,0,6484,4366,53.54,5304,3,2000,4,1,4,1000,3,2934,30450.75,VERY HIGH,0
CA,West,F,Law Enforcement Officer,34,1,101688,1,1,1,4,OTHER,0,0,25,53.08,547,1,45000,1,1,1,5000,0,45000,33822.0,VERY HIGH,0
NY,NorthEast,F,IT Staff,39,1,64553,1,1,1,1,DIVORCED,0,0,25,53.48,903,14,3500,4,1,1,1000,1,3500,23538.25,HIGH,0
NY,NorthEast,M,Programmer/Developer,36,0,67126,3,1,1,3,MARRIED,0,700,25,53.24,211,12,1000,3,1,3,700,1,1000,25881.5,HIGH,1
CA,West,M,Nurse,59,1,66001,0,1,0,2,SINGLE,0,0,25,53.69,2254,3,0,4,0,1,900,10,0,18400.25,MEDIUM,0
DC,NorthEast,M,IT Staff,42,1,81173,1,1,2,4,DIVORCED,0,5001,156,53.89,606,3,3500,4,2,4,2000,2,1,39493.25,VERY HIGH,1
NY,NorthEast,F,Construction Laborer,46,0,69353,1,1,1,1,MARRIED,0,0,1151,53.1,1661,4,700,2,1,2,800,1,700,30438.25,VERY HIGH,0
CA,West,M,Programmer/Developer,22,1,60822,3,1,0,3,SINGLE,0,750,25,53.04,228,2,0,2,0,3,1000,4,0,7905.5,LOW,1
NY,NorthEast,F,PROF-9,65,1,73662,1,1,1,1,DIVORCED,0,9200,9367,54.41,10144,3,4000,5,1,2,1200,5,1600,28415.5,HIGH,0
NY,NorthEast,M,First-line Manager,49,0,68514,1,1,1,1,MARRIED,0,400,220,53.29,727,2,1500,3,1,2,900,3,1500,30528.5,VERY HIGH,0
OR,West,M,Programmer/Developer,25,0,60622,2,1,0,2,SINGLE,0,650,59,53.29,278,14,0,3,0,2,1000,2,0,14655.5,MEDIUM,1
CA,West,M,Waiter/Waitress,23,1,60405,3,1,1,3,SINGLE,0,401,89,53.05,103,11,600,2,1,2,1000,1,600,17901.25,MEDIUM,0
NY,NorthEast,F,Clerical,43,0,63642,4,1,1,4,DIVORCED,0,2700,25,43.91,2690,1,2500,2,1,1,1500,4,2500,24210.5,HIGH,0
NY,NorthEast,F,Publisher,31,0,71782,5,1,1,5,DIVORCED,0,0,34,53.02,0,0,2200,2,1,1,1500,1,2200,23545.5,HIGH,0
MI,Midwest,M,Nurse,31,1,69550,0,1,0,2,SINGLE,0,2056,4357,53.6,4866,4,0,4,0,1,1000,1,506,16487.5,MEDIUM,0
NY,NorthEast,M,Nurse,32,1,61870,0,1,0,2,SINGLE,44039,0,25,55.4,44544,0,0,5,0,0,900,1,0,14667.5,MEDIUM,0
NY,NorthEast,M,Administrative Assistant,41,1,59849,0,1,0,2,SINGLE,0,0,3682,53.33,4336,1,0,3,0,0,800,0,0,15062.25,MEDIUM,0
MI,Midwest,M,Programmer/Developer,21,0,59210,3,1,1,3,MARRIED,0,750,25,53.05,0,2,1000,2,1,3,1000,4,1000,22402.5,HIGH,0
CA,West,M,PROF-12,25,0,66813,3,1,1,3,SINGLE,0,0,25,53.06,0,0,330,0,1,0,1500,4,330,24703.25,HIGH,0
NY,NorthEast,F,Professor,46,1,63970,1,1,1,1,DIVORCED,0,3500,1436,54.02,2870,2,2600,5,1,2,800,6,1500,24092.5,HIGH,0
CA,West,M,Waiter/Waitress,37,1,65744,3,1,1,3,MARRIED,0,900,608,53.11,1115,10,1066,2,1,3,900,3,1066,20636.0,MEDIUM,0
NY,NorthEast,M,Clerical,43,0,60547,0,1,1,2,MARRIED,0,14455,458,53.18,1263,7,5000,3,1,5,500,3,4505,30436.75,VERY HIGH,0
MI,Midwest,F,School Teacher,35,1,70951,5,1,1,5,DIVORCED,0,2200,25,54.58,1044,3,4000,5,1,2,1500,1,4000,18737.75,MEDIUM,1
NY,NorthEast,F,School Teacher,79,1,71057,5,1,1,5,DIVORCED,4752,4350,9827,53.51,15114,4,2500,4,1,6,1500,4,750,23164.25,HIGH,0
NY,NorthEast,M,Medical Doctor,33,1,57459,1,1,1,4,DIVORCED,0,3351,25,54.32,1895,4,3200,5,1,2,1000,2,1,22664.75,HIGH,1
NC,South,M,Programmer/Developer,24,0,64804,3,1,1,3,SINGLE,0,700,25,53.5,292,17,300,4,1,1,1000,1,300,24101.0,HIGH,1
NY,NorthEast,F,Truck Driver,49,1,61348,3,1,1,4,DIVORCED,0,0,25,53.24,590,9,2500,3,1,1,1000,1,2500,21237.0,MEDIUM,0
MI,Midwest,F,IT Staff,53,1,71933,1,1,1,1,DIVORCED,356,11635,3161,53.27,4131,12,3900,3,1,2,1000,1,3535,26783.25,HIGH,0
CA,West,M,PROF-2,40,0,64019,0,1,1,2,DIVORCED,0,2550,254,54.49,1438,3,2705,5,1,3,900,2,2705,31004.75,VERY HIGH,1
NY,NorthEast,M,Administrative Assistant,18,0,75218,3,1,1,3,MARRIED,0,500,25,53.04,113,15,1000,2,1,2,1500,1,1000,26104.5,HIGH,1
MI,Midwest,M,Truck Driver,33,1,66877,3,1,2,3,SINGLE,0,500,25,53.11,158,6,500,2,2,2,600,4,500,30519.25,VERY HIGH,0
DC,NorthEast,F,Law Enforcement Officer,35,1,57844,5,1,2,5,DIVORCED,0,5900,228,54.34,2127,3,4821,5,2,4,3500,1,1400,25461.0,HIGH,1
DC,NorthEast,M,Administrative Assistant,46,1,64648,0,1,1,2,DIVORCED,0,0,25,53.06,0,0,2500,0,1,1,800,1,2500,26762.0,HIGH,0
NY,NorthEast,M,Programmer/Developer,22,0,59513,3,0,0,3,SINGLE,0,0,25,53.06,0,0,0,0,0,0,1500,1,0,12578.25,LOW,0
NY,NorthEast,F,Dentist,25,0,61167,5,1,1,5,SINGLE,0,300,25,53.48,311,3,550,4,1,2,1000,1,550,20291.75,MEDIUM,1
MI,Midwest,M,Administrative Assistant,32,0,64928,0,1,0,2,SINGLE,0,0,25,53.04,542,0,0,2,0,0,500,0,0,20432.0,MEDIUM,0
NY,NorthEast,M,Programmer/Developer,23,0,58283,3,0,0,3,SINGLE,0,0,25,53.06,0,0,0,0,0,1,1000,1,0,12370.75,LOW,0
MI,Midwest,M,Sales Representative,27,0,61515,3,0,0,3,SINGLE,0,0,25,53.07,0,0,0,1,0,0,1000,4,0,13578.75,LOW,0
UT,Southwest,M,Software Engineer,57,1,62517,1,1,1,1,WIDOWED,0,0,25,53.08,377,1,5000,1,1,1,900,1,5000,24829.25,HIGH,0
NY,NorthEast,M,Clerical,47,0,73571,1,1,1,1,MARRIED,0,0,25,53.06,506,0,5000,0,1,1,3500,2,5000,31592.75,VERY HIGH,0
NY,NorthEast,M,Administrative Assistant,48,1,64175,0,1,0,2,SINGLE,2836,14000,7776,53.81,11201,8,0,4,0,5,700,3,5000,16843.75,MEDIUM,0
NY,NorthEast,M,PROF-9,42,1,58210,1,1,1,1,MARRIED,83282,10049,2129,53.6,87304,2,8000,4,1,4,900,0,8000,22252.5,HIGH,1
IL,Midwest,F,PROF-58,54,0,68490,5,1,1,5,DIVORCED,0,0,25,53.62,504,2,3000,4,1,1,2000,0,3000,25022.5,HIGH,0
NY,NorthEast,F,Homemaker,41,1,65586,1,1,1,1,MARRIED,0,0,25,53.06,504,0,6000,0,1,0,500,2,6000,23996.5,HIGH,0
NC,South,F,Sales Representative,37,1,66496,1,1,1,1,SINGLE,0,1403,25,53.34,1293,3,650,3,1,3,600,1,453,23824.0,HIGH,1
CA,West,M,Childcare Worker,29,1,55600,1,1,1,1,DIVORCED,8286,5200,10308,53.71,20375,10,3000,4,1,4,1500,0,850,20300.0,MEDIUM,0
NV,Southwest,M,Homemaker,39,1,65390,1,1,0,1,SINGLE,0,0,25,53.06,506,0,0,0,0,1,600,0,0,13747.5,LOW,0
WA,West,M,Administrative Assistant,49,1,62380,0,1,0,2,SINGLE,0,0,25,53.1,505,0,0,2,0,0,600,0,0,16495.0,MEDIUM,0
DC,NorthEast,M,School Teacher,37,0,85570,3,1,0,3,SINGLE,0,0,25,54.7,704,4,0,5,0,0,2500,1,0,20592.5,MEDIUM,0
MN,West,M,Fireman,45,1,65101,0,1,1,2,MARRIED,0,0,25,53.22,619,1,1454,3,1,1,900,2,1454,26775.25,HIGH,0
CA,West,F,Cashier,48,1,70243,1,1,1,1,DIVORCED,0,3550,1947,53.69,3040,17,2200,4,1,2,1700,4,650,25860.75,HIGH,0
CA,West,F,PROF-16,44,0,68955,5,1,1,5,MARRIED,0,1001,2102,53.01,2948,2,1200,2,1,1,1100,1,1,24138.75,HIGH,0
NY,NorthEast,M,School Teacher,32,1,62236,3,1,1,3,MARRIED,0,750,133,53.51,657,9,1000,4,1,3,500,3,1000,19259.0,MEDIUM,0
CA,West,F,PROF-46,38,0,74542,1,1,0,1,SINGLE,6705,0,7634,53.26,14368,2,0,3,0,0,2500,4,0,20935.5,MEDIUM,0
NY,NorthEast,M,Technical Writer,43,0,60500,0,1,0,2,SINGLE,0,0,25,53.07,507,2,0,1,0,0,900,0,0,20425.0,MEDIUM,0
NY,NorthEast,M,PROF-16,42,0,59334,1,1,1,1,MARRIED,0,400,25,53.37,265,9,700,3,1,2,600,1,700,27533.5,HIGH,1
NY,NorthEast,M,Programmer/Developer,29,0,58086,3,0,0,3,SINGLE,0,0,25,56.63,0,0,0,6,0,1,1000,1,0,12921.5,LOW,0
NC,South,F,DBA,42,0,65311,2,1,1,2,MARRIED,0,1860,25,54.84,1229,12,1700,5,1,1,1000,2,300,27527.75,HIGH,1
OR,West,M,Not specified,51,1,68214,0,1,0,4,SINGLE,41148,4650,25,55.5,41670,11,0,6,0,1,900,2,1500,19153.5,MEDIUM,0
MI,Midwest,M,Programmer/Developer,25,1,57204,3,1,0,3,SINGLE,7095,750,112,53.11,7226,4,0,2,0,3,1000,9,0,7301.0,LOW,0
NY,NorthEast,M,Clerical,36,1,65837,3,1,1,3,DIVORCED,0,0,91,53.36,618,13,2500,3,1,1,900,0,2500,20559.25,MEDIUM,0
CA,West,F,PROF-46,70,0,63021,1,1,1,1,MARRIED,0,1600,230,53.96,793,5,1000,5,1,3,800,0,300,31255.25,VERY HIGH,0
MI,Midwest,F,PROF-8,51,1,75630,6,1,1,4,DIVORCED,0,6600,736,56.99,2321,2,4500,6,1,5,1800,6,2000,19007.5,MEDIUM,1
DC,NorthEast,M,Cashier,45,0,79336,1,1,1,1,MARRIED,0,0,25,53.06,0,0,7000,0,1,1,5000,1,7000,32834.0,VERY HIGH,0
WA,West,F,Cashier,49,1,65520,1,1,1,1,MARRIED,0,0,25,53.07,514,1,1012,1,1,1,1000,2,1012,24780.0,HIGH,0
NC,South,F,Author,54,1,57293,6,1,2,4,DIVORCED,45524,8500,25,55.29,0,9,3500,5,2,1,1200,0,1400,24723.25,HIGH,0
DC,NorthEast,M,Cashier,53,1,59409,0,1,1,2,MARRIED,0,3007,25,53.26,1032,3,868,3,1,1,900,0,607,26152.25,HIGH,1
NY,NorthEast,M,First-line Manager,0,0,63465,3,1,1,3,MARRIED,0,0,25,53.06,0,0,1050,0,1,0,1000,1,1050,0.0,LOW,0
MI,Midwest,F,Clerical,61,0,94542,2,1,1,2,WIDOWED,0,1501,373,53.54,1470,11,5000,4,1,3,4000,0,5000,36735.5,VERY HIGH,0
AK,West,F,Medical Doctor,31,1,63974,1,1,1,1,MARRIED,0,1000,32,53.69,624,4,1300,4,1,3,700,2,250,22593.5,HIGH,0
NY,NorthEast,F,Veterinarian,48,1,63826,4,1,1,4,MARRIED,0,800,25,53.33,0,3,1000,3,1,3,700,1,1000,19756.5,MEDIUM,0
OH,Midwest,M,Programmer/Developer,25,1,58796,3,1,0,3,SINGLE,0,700,25,53.38,250,5,0,3,0,3,1000,1,0,7699.0,LOW,1
NY,NorthEast,M,Administrative Assistant,0,0,74494,0,1,0,2,SINGLE,0,0,25,53.06,503,0,0,0,0,0,1500,0,0,0.0,LOW,0
NY,NorthEast,F,Waiter/Waitress,37,1,66764,1,1,1,1,MARRIED,0,1500,13545,53.57,14141,3,1500,4,1,3,500,0,1500,23891.0,HIGH,0
MI,Midwest,M,Veterinarian,30,1,61221,3,1,1,3,MARRIED,0,1450,1241,53.87,2131,2,980,4,1,3,500,1,250,18805.25,MEDIUM,0
OH,Midwest,M,Programmer/Developer,23,1,68097,3,1,1,3,MARRIED,0,600,43,53.52,743,10,900,4,1,1,900,2,900,19824.25,MEDIUM,1
MS,South,M,First-line Manager,47,1,61681,0,1,0,2,SINGLE,0,0,141,53.1,645,1,0,2,0,1,1300,2,0,16120.25,MEDIUM,0
NY,NorthEast,M,Administrative Assistant,50,0,67356,0,1,0,2,SINGLE,0,0,25,53.07,508,1,0,1,0,0,700,3,0,22839.0,HIGH,0
NV,Southwest,F,Not specified,55,1,66053,1,1,1,1,DIVORCED,0,9204,491,54.97,7833,4,4500,5,1,3,800,0,2004,25513.25,HIGH,1
MI,Midwest,F,Law Enforcement Officer,84,1,61090,1,1,1,1,WIDOWED,0,11500,141,53.6,1581,10,10000,4,1,6,1200,0,10000,27172.5,HIGH,0
MI,Midwest,F,Construction Laborer,30,0,54947,1,1,1,1,MARRIED,0,500,25,53.58,0,3,945,4,1,2,1500,1,945,25236.75,HIGH,0
NY,NorthEast,F,Technical Writer,31,0,62571,5,1,1,5,DIVORCED,0,1100,25,53.38,184,14,2600,3,1,3,1500,1,2600,21242.75,MEDIUM,1
NV,Southwest,M,PROF-24,0,0,72725,0,1,0,2,SINGLE,0,0,25,53.07,517,1,0,1,0,0,1300,1,0,0.0,LOW,0
NY,NorthEast,F,Lab Technician,26,0,58200,3,1,1,4,MARRIED,0,0,25,53.1,0,3,700,2,1,0,900,2,700,23150.0,HIGH,0
NY,NorthEast,M,PROF-31,34,1,59721,3,1,1,3,MARRIED,0,0,25,53.05,0,4,900,2,1,0,600,1,900,18830.25,MEDIUM,0
MI,Midwest,F,Publisher,42,0,68131,1,1,1,1,DIVORCED,0,0,25,53.06,0,0,4348,0,1,1,3500,1,4348,29732.75,HIGH,0
MI,Midwest,F,Childcare Worker,35,1,66195,1,1,1,1,MARRIED,0,1250,25,53.45,707,3,1054,4,1,3,500,3,1054,23548.75,HIGH,1
MI,Midwest,M,IT Staff,26,1,54151,5,1,1,5,DIVORCED,0,3200,25,54.72,329,2,4000,5,1,1,2000,1,600,13637.75,LOW,1
CA,West,M,Fireman,43,1,63643,0,1,0,2,SINGLE,64674,0,25,56.71,65300,15,0,6,0,3,900,3,0,16210.75,MEDIUM,0
MI,Midwest,M,PROF-25,32,0,60341,1,1,0,4,SINGLE,0,0,25,53.06,506,0,0,0,0,1,700,3,0,18285.25,MEDIUM,0
NY,NorthEast,M,PROF-5,20,0,54836,0,0,0,2,SINGLE,0,0,25,53.06,0,0,0,0,0,0,1500,4,0,16709.0,MEDIUM,0
CA,West,M,Waiter/Waitress,28,0,71198,3,1,0,3,SINGLE,0,500,288,53.05,311,2,0,2,0,2,1000,3,0,16099.5,MEDIUM,0
OH,Midwest,M,Waiter/Waitress,49,1,72753,1,1,1,1,DIVORCED,0,0,32,54.83,571,11,2100,5,1,1,1500,4,2100,26588.25,HIGH,0
NY,NorthEast,F,Truck Driver,25,1,76204,5,1,1,5,DIVORCED,0,3000,25,53.08,576,2,3500,1,1,3,1500,2,1000,19051.0,MEDIUM,1
NY,NorthEast,M,Dentist,44,1,62948,3,1,1,3,MARRIED,0,1600,4992,53.13,6032,18,700,2,1,6,1500,2,400,20637.0,MEDIUM,0
CA,West,M,PROF-4,34,0,65758,3,1,1,3,MARRIED,0,0,25,54.26,0,3,827,5,1,0,700,9,827,25339.5,HIGH,0
CA,West,M,Nurse,27,0,58036,0,1,0,2,SINGLE,0,0,25,53.06,506,0,0,0,0,0,1500,1,0,18209.0,MEDIUM,0
CA,West,M,Programmer/Developer,21,0,71929,3,1,1,3,SINGLE,0,250,25,53.04,197,9,250,2,1,2,1000,1,250,25582.25,HIGH,1
UT,Southwest,M,Nurse,0,0,68755,0,1,0,2,SINGLE,0,0,25,53.06,510,0,0,0,0,0,1500,2,0,0.0,LOW,0
DC,NorthEast,F,Not specified,57,0,64951,1,1,1,1,DIVORCED,0,5200,25,55.04,2618,2,3100,5,1,4,1000,4,2400,30437.75,VERY HIGH,1
NY,NorthEast,M,Clerical,80,1,62391,3,1,0,4,SINGLE,0,16141,25,53.61,560,2,0,4,0,5,900,0,3691,14597.75,MEDIUM,0
CA,West,F,Administrator,51,1,67015,4,1,1,4,DIVORCED,0,0,25,53.12,206,6,2500,2,1,1,800,1,2500,20853.75,MEDIUM,0
NY,NorthEast,M,Programmer/Developer,32,0,61102,0,0,0,2,SINGLE,0,0,25,53.07,0,1,0,1,0,0,700,1,0,19475.5,MEDIUM,0
MN,West,F,Waiter/Waitress,37,0,63700,5,1,1,5,MARRIED,0,850,25,53.08,0,0,1200,1,1,3,1500,1,1200,22125.0,HIGH,1
NY,NorthEast,F,Technical Writer,31,1,54661,1,1,1,1,DIVORCED,0,2700,5642,53.31,5662,4,4750,3,1,2,3000,1,500,20265.25,MEDIUM,0
CA,West,F,Author,61,1,56137,3,1,1,4,MARRIED,0,0,25,53.14,1645,4,1100,2,1,1,1500,1,1100,21134.25,MEDIUM,0
NY,NorthEast,M,Sales Representative,29,1,68011,0,1,1,2,SINGLE,0,0,6178,53.38,6692,10,255,3,1,0,900,2,255,25902.75,HIGH,0
NC,South,M,Programmer/Developer,19,1,63492,3,1,1,3,SINGLE,0,0,25,53.09,0,3,250,1,1,1,1000,1,250,18273.0,MEDIUM,0
CA,West,F,Software Engineer,55,0,58398,1,1,1,1,WIDOWED,0,2201,25,53.08,431,0,7000,1,1,1,3500,1,7000,28599.5,HIGH,0
OR,West,M,Waiter/Waitress,19,0,70272,3,1,1,3,SINGLE,0,0,25,53.08,0,3,122,1,1,0,1000,4,122,24968.0,HIGH,0
LA,South,M,Childcare Worker,33,1,69838,1,1,1,1,MARRIED,0,0,25,53.06,0,0,700,0,1,0,1500,1,700,24259.5,HIGH,0
MI,Midwest,F,PROF-22,50,1,61493,1,1,1,1,MARRIED,0,0,25,53.17,865,12,750,2,1,1,700,1,750,23873.25,HIGH,0
NY,NorthEast,M,Clerical,42,1,62530,4,1,1,4,MARRIED,0,3000,4080,53.83,4095,2,1000,4,1,1,1000,4,1000,18832.5,MEDIUM,0
NY,NorthEast,F,IT Staff,40,0,46360,1,1,1,5,MARRIED,0,0,25,53.06,0,0,7000,0,1,1,3500,1,7000,26090.0,HIGH,0
MN,West,M,Nurse,18,0,63053,3,1,1,3,SINGLE,0,0,25,53.07,0,0,176,1,1,0,1000,1,176,23063.25,HIGH,0
NY,NorthEast,M,Fireman,51,0,66711,0,1,1,2,DIVORCED,0,1800,25,53.06,505,0,2650,0,1,3,1000,0,2650,32777.75,VERY HIGH,0
MI,Midwest,M,Veterinarian,28,1,68947,3,1,1,3,MARRIED,111,1300,385,52.93,1129,4,800,2,1,3,900,0,800,20536.75,MEDIUM,0
NY,NorthEast,M,Clerical,42,1,63277,1,1,0,1,SINGLE,0,8500,11998,53.63,12812,3,0,4,0,4,600,5,2000,13519.25,LOW,0
CA,West,M,Programmer/Developer,23,0,61482,1,1,0,1,SINGLE,0,500,25,53.28,135,15,0,3,0,2,1000,2,0,16170.5,MEDIUM,1
MN,West,M,PROF-11,43,0,58370,0,1,0,2,SINGLE,0,0,25,53.07,515,4,0,1,0,0,900,2,0,19892.5,MEDIUM,0
CA,West,M,Mason,52,0,61029,0,1,0,2,SINGLE,0,0,25,53.06,506,0,0,0,0,0,500,3,0,21457.25,MEDIUM,0
NY,NorthEast,M,PROF-3,25,1,67863,3,1,1,3,MARRIED,0,250,25,53.29,245,2,700,3,1,2,1000,1,700,19965.75,MEDIUM,0
CA,West,M,Professor,19,0,57992,3,1,1,3,SINGLE,0,500,25,53.58,297,4,375,4,1,2,1000,4,375,21898.0,MEDIUM,0
NY,NorthEast,M,Nurse,45,0,60849,0,0,0,2,SINGLE,0,0,25,53.06,0,3,0,0,0,0,700,1,0,20712.25,MEDIUM,0
UT,Southwest,M,PROF-46,34,0,68374,3,1,1,3,DIVORCED,0,5801,25,54.78,2871,14,2500,5,1,4,1500,7,1,25993.5,HIGH,1
NY,NorthEast,F,Author,61,1,61929,1,1,1,1,MARRIED,0,450,25,53.01,959,2,746,2,1,2,600,10,746,25082.25,HIGH,0
NY,NorthEast,M,Lab Technician,34,1,69737,3,1,1,3,MARRIED,0,850,25,54.53,442,11,1100,5,1,3,1000,1,1100,21334.25,MEDIUM,1
MI,Midwest,F,Not specified,40,1,63334,1,1,1,1,DIVORCED,580,6700,2166,54.08,29373,2,3700,5,1,2,500,2,1200,23333.5,HIGH,0
CA,West,F,PROF-2,66,1,70907,6,1,1,4,DIVORCED,4856,2300,10527,53.81,15397,2,2000,4,1,2,1000,1,200,19326.75,MEDIUM,0
NY,NorthEast,M,Programmer/Developer,23,0,63290,3,1,1,3,SINGLE,0,540,154,54.5,273,14,250,5,1,2,1000,1,250,23622.5,HIGH,1
CA,West,M,Sales Representative,33,0,62475,3,1,1,3,MARRIED,0,600,118,53.53,826,6,747,4,1,2,600,1,747,24418.75,HIGH,0
DC,NorthEast,M,Nurse,48,1,62477,0,1,0,2,SINGLE,0,17001,25,54.98,21264,14,0,5,0,5,1000,0,0,16419.25,MEDIUM,0
MN,West,M,Nurse,37,0,74392,0,1,0,2,SINGLE,0,2318,25,54.21,1558,2,0,5,0,1,1300,3,768,23298.0,HIGH,1
NY,NorthEast,M,DBA,31,1,60832,1,1,1,1,DIVORCED,973,800,25,53.44,12819,2,2500,4,1,2,1000,3,2500,21808.0,MEDIUM,1
MI,Midwest,M,Nurse,77,0,73461,0,1,0,2,SINGLE,0,0,25,53.06,598,0,0,0,0,0,2500,0,0,27065.25,HIGH,0
MI,Midwest,F,PROF-62,0,1,87333,6,1,1,4,DIVORCED,0,3900,221,53.24,989,12,4000,3,1,1,4000,1,4000,0.0,LOW,0
MI,Midwest,M,Software Engineer,69,1,67081,1,1,0,4,SINGLE,0,0,25,53.06,554,0,0,0,0,1,600,0,0,18670.25,MEDIUM,0
CA,West,M,Sales Representative,0,0,66523,0,1,0,2,SINGLE,0,0,25,53.08,760,1,0,1,0,0,900,0,0,0.0,LOW,0
NY,NorthEast,F,IT Staff,36,1,62886,1,1,1,1,MARRIED,0,600,25,53.22,757,2,1020,3,1,2,1000,1,1020,22821.5,HIGH,0
CA,West,M,IT Staff,56,1,60508,0,1,2,2,OTHER,0,0,25,53.16,629,5,15000,2,2,2,500,2,15000,36727.0,VERY HIGH,0
NY,NorthEast,F,Truck Driver,54,0,70612,1,1,2,1,MARRIED,0,3200,25,54.26,2884,1,1643,5,2,1,1500,1,1000,41553.0,VERY HIGH,1
MI,Midwest,F,Clerical,32,1,50758,1,1,2,1,MARRIED,0,9850,1053,53.08,1601,11,5000,1,2,1,3500,1,1500,29389.5,HIGH,0
NY,NorthEast,M,Medical Doctor,43,0,59957,1,1,1,1,DIVORCED,0,1400,25,53.5,438,3,2919,4,1,3,1500,1,450,27789.25,HIGH,1
NY,NorthEast,F,Homemaker,62,1,74442,1,1,1,1,DIVORCED,0,4400,25,54.29,2143,2,3100,5,1,1,2000,3,1200,28310.5,HIGH,1
NY,NorthEast,M,Programmer/Developer,29,1,70926,3,1,0,3,SINGLE,1025,750,127,53.0,1850,4,0,2,0,3,1000,1,0,11131.5,LOW,0
DC,NorthEast,M,Truck Driver,23,0,60915,3,1,1,3,DIVORCED,0,0,25,53.41,111,13,2200,4,1,0,1500,3,2200,23028.75,HIGH,0
CA,West,F,PROF-5,35,0,63993,1,1,1,1,MARRIED,0,500,216,53.62,238,3,1000,4,1,2,1000,1,1000,27998.25,HIGH,0
IL,Midwest,M,PROF-20,34,0,60570,0,1,0,2,SINGLE,0,0,25,53.06,506,0,0,0,0,0,900,0,0,19542.5,MEDIUM,0
CO,West,M,PROF-60,33,1,59511,1,1,1,1,MARRIED,0,0,25,53.13,507,1,750,2,1,1,700,3,750,21677.75,MEDIUM,0
UT,Southwest,M,Bank Teller,50,1,60129,1,1,1,1,DIVORCED,0,7225,25,53.16,1747,2,2500,2,1,4,1000,2,1625,23532.25,HIGH,0
FL,South,M,Truck Driver,25,0,69980,1,1,1,1,DIVORCED,0,0,25,53.06,0,0,2300,0,1,1,1000,1,2300,28495.0,HIGH,0
NC,South,F,PROF-15,66,1,61332,6,1,1,4,DIVORCED,0,8800,25,54.97,1923,1,4000,5,1,4,800,1,1600,16933.0,MEDIUM,1
NY,NorthEast,M,Bank Teller,32,1,64905,0,1,0,2,SINGLE,0,0,25,53.07,605,1,0,1,0,0,900,0,0,15426.25,MEDIUM,0
NY,NorthEast,F,IT Staff,52,1,65179,1,1,1,1,DIVORCED,0,0,25,53.15,0,3,4000,2,1,0,800,2,4000,24994.75,HIGH,0
CA,West,F,Not specified,40,0,67482,5,1,1,5,DIVORCED,2790,3301,9161,55.78,12470,1,3447,6,1,1,900,3,1,23370.5,HIGH,0
CA,West,F,Lab Technician,43,0,73697,1,1,1,1,MARRIED,0,0,25,53.06,507,0,1500,0,1,1,1500,3,1500,31224.25,VERY HIGH,0
NY,NorthEast,M,Truck Driver,34,0,59975,3,1,1,3,MARRIED,0,0,25,53.06,0,0,1200,0,1,0,700,1,1200,23893.75,HIGH,0
CA,West,F,Homemaker,71,1,94589,1,1,1,1,OTHER,12214,24500,427,54.13,52378,3,38974,5,1,5,5000,0,3500,34247.25,VERY HIGH,0
NY,NorthEast,M,Clerical,29,0,62494,1,1,1,1,MARRIED,0,3200,25,55.75,12344,2,1483,6,1,1,1000,3,1000,27023.5,HIGH,0
DC,NorthEast,M,PROF-8,39,1,65689,3,1,1,4,MARRIED,0,1250,25,54.64,441,12,1600,5,1,3,1500,1,1600,21322.25,MEDIUM,1
MI,Midwest,M,PROF-5,52,1,64173,3,1,0,3,SINGLE,0,301,184,53.12,759,3,0,2,0,1,1300,3,0,11743.25,LOW,0
NY,NorthEast,M,School Teacher,49,1,69702,0,1,0,2,SINGLE,0,4309,1321,53.01,1828,4,0,2,0,1,800,1,1959,18325.5,MEDIUM,0
NY,NorthEast,M,Mason,44,1,59255,1,1,0,1,SINGLE,16009,11289,924,54.29,26711,2,0,5,0,4,800,0,2300,12713.75,LOW,1
CA,West,M,Cashier,31,0,65511,1,1,1,1,MARRIED,0,0,25,53.07,0,2,754,1,1,0,700,1,754,27977.75,HIGH,0
NY,NorthEast,F,Veterinarian,25,1,62519,5,1,1,5,DIVORCED,0,3400,10615,54.09,11129,2,2000,5,1,6,900,1,1000,15629.75,MEDIUM,0
MN,West,M,DBA,33,1,59435,1,1,1,1,DIVORCED,3714,3950,1160,53.13,5424,2,2430,2,1,1,1500,10,700,21658.75,MEDIUM,0
OH,Midwest,M,Truck Driver,36,1,63241,4,1,1,4,DIVORCED,0,1950,25,54.67,1787,3,3500,5,1,1,500,2,550,18410.25,MEDIUM,1
MS,South,M,IT Staff,38,1,64138,0,1,0,2,SINGLE,0,0,25,53.08,602,1,0,1,0,1,500,2,0,15834.5,MEDIUM,0
NY,NorthEast,M,Veterinarian,38,1,55182,0,1,1,4,MARRIED,0,3060,2400,53.7,3746,13,1089,4,1,2,1400,0,960,24595.5,HIGH,0
NY,NorthEast,F,PROF-44,21,1,67710,5,1,1,5,MARRIED,0,0,25,54.19,0,0,700,5,1,1,1000,1,700,16527.5,MEDIUM,0
CA,West,M,Administrative Assistant,63,1,72385,2,1,0,2,DIVORCED,88499,10200,25,58.75,105507,2,0,6,0,6,1400,0,1600,16396.25,MEDIUM,0
CA,West,M,Veterinarian,48,0,60258,3,1,1,3,DIVORCED,0,0,25,53.08,1303,1,2000,1,1,1,800,1,2000,25364.5,HIGH,0
CA,West,F,Cashier,49,1,71744,1,1,1,1,DIVORCED,5378,7300,13334,54.23,19225,11,3070,5,1,6,1400,2,1500,26336.0,HIGH,0
MI,Midwest,F,IT Staff,39,1,65534,1,1,1,1,DIVORCED,0,0,25,53.07,506,1,4000,1,1,1,500,2,4000,23783.5,HIGH,0
CA,West,M,Programmer/Developer,22,0,62293,3,1,1,3,SINGLE,0,750,25,53.26,213,3,250,3,1,3,1000,1,250,23273.25,HIGH,1
NY,NorthEast,M,Construction Laborer,48,1,67566,1,1,1,1,MARRIED,0,550,25,53.24,334,5,780,3,1,2,700,1,780,25191.5,HIGH,0
NY,NorthEast,M,Nurse,22,1,69578,0,0,0,2,SINGLE,0,0,25,53.06,0,0,0,0,0,0,1500,1,0,15594.5,MEDIUM,0
NC,South,F,Author,76,1,62786,6,1,1,4,MARRIED,0,1201,2459,53.2,3018,2,1050,3,1,3,700,0,1,18296.5,MEDIUM,0
NY,NorthEast,M,Not specified,43,1,69268,1,1,1,4,DIVORCED,0,14900,3677,53.28,4265,17,4528,3,1,1,800,0,5000,26617.0,HIGH,0
NY,NorthEast,M,Fireman,42,0,61491,1,1,1,1,MARRIED,0,450,131,53.25,141,2,885,3,1,2,700,1,885,28072.75,HIGH,0
NY,NorthEast,M,Clerical,59,1,61270,2,1,1,2,WIDOWED,11645,14800,1436,53.94,24484,3,5000,4,1,2,1400,0,5000,23217.5,HIGH,0
WI,Midwest,M,Waiter/Waitress,23,0,61649,0,1,0,2,SINGLE,0,0,25,53.06,506,0,0,0,0,0,900,3,0,18712.25,MEDIUM,0
NY,NorthEast,F,Construction Laborer,38,0,62763,1,1,1,1,MARRIED,0,1200,294,53.21,301,4,1750,3,1,3,1000,2,350,27990.75,HIGH,0
NY,NorthEast,M,Programmer/Developer,23,0,61908,3,1,1,3,SINGLE,0,0,25,53.17,0,0,620,2,1,1,1000,1,620,23277.0,HIGH,0
UT,Southwest,M,Administrator,33,0,64793,0,1,1,2,DIVORCED,0,0,10040,53.51,10547,0,3000,4,1,1,900,1,3000,30498.25,VERY HIGH,0
CA,West,M,Nurse,48,1,60045,3,1,1,3,MARRIED,0,0,25,53.08,623,1,729,1,1,1,1700,3,729,20311.25,MEDIUM,0
NY,NorthEast,M,Administrative Assistant,0,0,57542,0,1,0,2,SINGLE,0,0,25,53.06,651,0,0,0,0,0,1500,1,0,0.0,LOW,0
IL,Midwest,M,PROF-41,28,0,64053,3,1,1,3,SINGLE,0,0,25,53.06,0,0,437,0,1,0,1000,4,437,24313.25,HIGH,0
NY,NorthEast,F,Programmer/Developer,28,0,60275,5,1,0,5,SINGLE,0,450,25,53.04,369,0,0,2,0,2,1000,1,0,10368.75,LOW,1
MI,Midwest,F,IT Staff,71,0,71028,6,1,2,4,WIDOWED,0,9850,632,52.83,3005,4,5000,2,2,4,1300,0,1500,34857.0,VERY HIGH,1
NV,Southwest,M,Software Engineer,26,0,69743,3,1,1,3,MARRIED,0,1621,3375,54.44,3883,2,1500,5,1,3,1500,0,371,25535.75,HIGH,0
NY,NorthEast,F,PROF-58,55,0,65584,1,1,1,4,WIDOWED,52123,22001,25,57.88,107253,2,6000,6,1,1,800,1,1,31896.0,VERY HIGH,0
NY,NorthEast,F,First-line Manager,33,1,59277,1,1,1,1,DIVORCED,0,1550,118,53.92,1347,3,2200,4,1,2,900,6,500,21619.25,MEDIUM,1
NY,NorthEast,M,Administrative Assistant,49,1,65742,0,1,0,2,SINGLE,0,2520,673,53.09,1229,2,0,1,0,1,600,1,720,17335.5,MEDIUM,0
NY,NorthEast,F,PROF-1,32,1,60073,4,1,1,4,DIVORCED,0,0,25,54.28,0,2,2380,5,1,1,1500,4,2380,17218.25,MEDIUM,0
CA,West,M,Nurse,40,0,59743,1,1,1,1,SINGLE,0,0,25,53.07,0,3,330,1,1,0,600,1,330,27435.75,HIGH,0
CA,West,F,Not specified,44,1,45774,0,1,1,2,MARRIED,11779,14800,643,52.86,13495,2,5000,2,1,2,3500,4,3600,21843.5,MEDIUM,0
WI,Midwest,F,PROF-9,49,1,68696,1,1,1,1,WIDOWED,0,16100,25,53.14,1749,4,5500,2,1,5,800,1,3700,25574.0,HIGH,0
CA,West,F,Homemaker,38,0,55475,1,1,1,1,MARRIED,0,4100,21998,54.19,22716,15,1729,5,1,1,1500,3,650,26168.75,HIGH,0
NY,NorthEast,F,Veterinarian,45,1,64610,2,1,2,4,DIVORCED,5044,8700,222,53.49,6200,2,3000,4,2,4,1800,0,1400,33652.5,VERY HIGH,0
DC,NorthEast,M,First-line Manager,26,0,64418,3,1,1,3,MARRIED,0,250,25,53.63,206,16,1000,4,1,2,1000,6,1000,24204.5,HIGH,1
NY,NorthEast,M,Nurse,36,0,59948,1,1,1,1,SINGLE,0,0,25,53.12,101,1,259,2,1,0,700,1,259,27087.0,HIGH,0
MI,Midwest,M,PROF-2,70,0,54484,2,1,0,2,SINGLE,0,0,25,53.33,1632,0,0,3,0,0,2500,1,0,17621.0,MEDIUM,0
NY,NorthEast,M,Nurse,47,0,69728,0,1,0,2,SINGLE,0,0,25,53.06,503,2,0,0,0,0,800,1,0,23132.0,HIGH,0
NY,NorthEast,M,PROF-26,24,1,70046,3,1,1,3,MARRIED,0,700,176,53.01,687,14,1050,2,1,3,1000,2,1050,20411.5,MEDIUM,0
CA,West,M,School Teacher,46,0,61654,3,1,1,3,MARRIED,0,300,625,53.1,2122,1,1000,2,1,2,500,2,1000,25513.5,HIGH,0
CA,West,F,Waiter/Waitress,56,1,60912,3,1,2,4,WIDOWED,36843,25000,5394,55.35,54082,3,5000,5,2,3,500,3,5000,31828.0,VERY HIGH,0
TX,Southwest,F,Homemaker,29,1,63137,6,1,1,4,MARRIED,0,3600,1532,54.03,1800,12,6000,5,1,1,5000,4,6000,13684.25,LOW,0
MI,Midwest,F,PROF-33,35,1,66038,5,1,1,5,MARRIED,0,0,25,53.06,507,0,1000,0,1,0,500,3,1000,17509.5,MEDIUM,0
CA,West,F,Waiter/Waitress,53,1,73881,1,1,0,4,WIDOWED,47429,22900,25,55.27,50724,4,0,5,0,5,1300,3,3700,18770.25,MEDIUM,0
NY,NorthEast,F,IT Staff,69,1,88555,1,1,1,1,OTHER,27449,23000,25,55.06,30329,1,15000,5,1,1,5000,0,5000,32538.75,VERY HIGH,0
CA,West,M,PROF-5,63,0,61228,6,0,0,4,SINGLE,0,0,25,53.08,0,2,0,1,0,0,600,1,0,11607.0,LOW,0
MO,Midwest,F,PROF-30,67,1,74018,5,1,1,5,MARRIED,0,1400,25,53.59,5409,3,1780,4,1,3,1500,1,1780,22704.5,HIGH,0
CA,West,M,Publisher,35,1,56599,1,1,1,1,DIVORCED,0,3450,773,55.86,2401,2,2332,6,1,2,1500,3,950,21149.75,MEDIUM,1
OH,Midwest,M,PROF-7,35,1,64586,0,1,1,2,DIVORCED,0,0,25,53.06,0,0,3000,0,1,1,1500,1,3000,25646.5,HIGH,0
MI,Midwest,M,Publisher,26,1,69340,3,1,2,3,DIVORCED,1241,3250,959,53.13,2293,4,3367,2,2,1,900,0,450,30435.0,VERY HIGH,0
NY,NorthEast,M,Cashier,42,1,64812,3,1,1,3,DIVORCED,0,3601,25,53.3,550,1,2500,3,1,1,800,0,1,20903.0,MEDIUM,1
NY,NorthEast,M,Nurse,62,1,68116,0,1,0,2,SINGLE,52355,2733,25,55.0,54100,9,0,5,0,1,700,1,1333,19229.0,MEDIUM,0
CA,West,M,Programmer/Developer,35,0,60268,3,1,1,3,SINGLE,0,650,25,53.34,348,6,200,3,1,2,900,6,200,24067.0,HIGH,1
CA,West,M,Nurse,52,1,60752,0,1,0,2,SINGLE,0,3333,11301,54.83,14559,4,0,5,0,1,700,10,1333,16388.0,MEDIUM,0
NY,NorthEast,F,Homemaker,51,0,65364,1,1,1,1,DIVORCED,14392,4200,25,53.38,15773,16,4000,3,1,6,900,1,1600,29941.0,HIGH,0
CA,West,F,Waiter/Waitress,46,0,69444,1,1,1,1,MARRIED,0,901,25,53.26,121,8,1123,3,1,3,800,1,1123,30461.0,VERY HIGH,0
CA,West,M,Nurse,28,0,66009,3,0,0,3,SINGLE,0,0,25,53.06,0,0,0,0,0,0,1000,1,0,14802.25,MEDIUM,0
MI,Midwest,M,School Teacher,47,1,73935,3,1,1,3,MARRIED,0,2150,1155,53.4,2098,18,1800,4,1,1,1500,1,350,23683.75,HIGH,0
NY,NorthEast,M,Programmer/Developer,32,0,60466,1,1,0,1,SINGLE,0,650,265,53.18,278,17,0,3,0,2,700,3,0,16816.5,MEDIUM,0
CA,West,M,Mason,66,0,67607,2,1,0,2,SINGLE,0,5036,23476,54.47,24628,9,0,5,0,9,2500,0,1086,20501.75,MEDIUM,0
CA,West,F,IT Staff,36,1,80454,4,1,1,4,DIVORCED,0,0,25,58.77,175,1,3500,6,1,1,2000,4,3500,22713.5,HIGH,0
NY,NorthEast,M,Programmer/Developer,23,0,63734,3,1,1,3,SINGLE,0,750,25,53.68,435,2,418,4,1,3,1000,4,418,23733.5,HIGH,1
CA,West,M,Lab Technician,33,1,63131,1,1,2,1,DIVORCED,0,2100,456,53.2,776,4,2200,3,2,1,1500,2,2200,32582.75,VERY HIGH,1
CA,West,F,PROF-52,34,1,61883,1,1,1,1,MARRIED,0,700,25,53.94,345,10,1000,4,1,3,1000,1,1000,22370.75,HIGH,1
CA,West,M,Veterinarian,35,1,63304,1,1,1,1,MARRIED,0,0,25,46.95,1036,1,800,2,1,1,600,3,800,22826.0,HIGH,0
NY,NorthEast,F,IT Staff,50,0,69144,1,1,1,4,DIVORCED,0,3900,25,53.94,622,4,2794,4,1,1,800,3,300,32286.0,VERY HIGH,1
MI,Midwest,M,Nurse,43,0,71740,0,1,0,2,SINGLE,0,1956,25,53.74,717,1,0,4,0,1,2500,3,506,23235.0,HIGH,0
CA,West,M,Waiter/Waitress,39,0,68515,3,1,1,3,MARRIED,0,1972,25,53.48,807,2,1000,4,1,1,1000,2,522,26528.75,HIGH,1
FL,South,M,Programmer/Developer,26,1,62275,3,0,0,3,SINGLE,0,450,25,53.09,0,2,0,1,0,2,1000,1,0,8668.75,LOW,0
NY,NorthEast,F,PROF-21,49,1,61064,1,1,1,4,DIVORCED,0,5500,25,55.51,2644,3,3230,6,1,2,800,0,2000,25166.0,HIGH,1
NY,NorthEast,F,Not specified,31,1,46057,1,1,1,1,MARRIED,0,4900,25,53.48,677,4,5100,4,1,1,3500,3,1000,18114.25,MEDIUM,0
CA,West,M,PROF-33,45,0,64799,3,1,0,3,SINGLE,0,5735,12387,53.55,13433,16,0,4,0,4,900,0,2585,16199.75,MEDIUM,0
NY,NorthEast,M,Programmer/Developer,25,0,60651,3,1,1,3,SINGLE,0,500,25,53.37,180,12,500,3,1,2,500,3,500,23162.75,HIGH,1
NY,NorthEast,M,Programmer/Developer,24,1,65797,3,1,1,3,MARRIED,0,450,2535,53.11,2720,18,1000,2,1,2,1000,1,1000,19349.25,MEDIUM,1
NY,NorthEast,M,Nurse,44,0,62848,3,1,2,3,SINGLE,0,0,25,53.06,0,1,450,0,2,0,700,1,450,35612.0,VERY HIGH,0
UT,Southwest,M,Mason,19,0,59864,3,1,1,3,MARRIED,0,0,25,53.01,0,4,850,2,1,0,1500,5,850,22366.0,HIGH,0
MI,Midwest,M,Programmer/Developer,22,0,55286,3,1,0,3,SINGLE,0,500,25,53.19,125,7,0,3,0,2,1500,4,0,11521.5,LOW,1
NY,NorthEast,M,IT Staff,34,1,61585,1,1,1,1,DIVORCED,0,3200,3714,53.83,3793,2,4000,4,1,1,2000,3,600,22296.25,HIGH,0
CA,West,M,Nurse,31,0,58545,3,1,1,3,SINGLE,0,0,25,53.06,0,0,170,0,1,0,700,1,170,23236.25,HIGH,0
CA,West,M,Accountant,46,1,62163,0,1,0,2,SINGLE,0,0,25,53.12,636,4,0,2,0,0,500,0,0,16140.75,MEDIUM,0
MI,Midwest,F,Clerical,56,1,65305,1,1,2,1,DIVORCED,0,4726,1097,54.07,2293,17,4500,5,2,3,900,3,501,35426.25,VERY HIGH,0
FL,South,M,Not specified,0,0,62688,0,1,0,2,SINGLE,0,0,25,53.06,504,0,0,0,0,1,1000,3,0,0.0,LOW,0
CA,West,F,Waiter/Waitress,33,1,69813,4,1,2,4,MARRIED,0,1750,2642,53.34,3954,3,1000,3,2,3,900,1,1000,29753.25,HIGH,0
CA,West,M,Fireman,46,0,63666,1,1,1,1,SINGLE,0,0,129,53.08,638,7,500,1,1,0,500,3,500,29016.5,HIGH,0
MO,Midwest,F,Cashier,44,0,65418,1,1,1,1,DIVORCED,0,5100,3298,53.19,3822,3,2000,3,1,4,1000,2,1500,29254.5,HIGH,0
NY,NorthEast,F,PROF-1,35,0,60526,1,1,1,1,DIVORCED,0,1500,25,53.96,293,17,2200,5,1,3,1500,1,300,27131.5,HIGH,1
FL,South,F,PROF-54,26,1,96667,1,1,1,1,MARRIED,0,0,25,53.06,0,0,5000,0,1,1,3500,1,5000,30266.75,VERY HIGH,0
NY,NorthEast,F,IT Staff,33,1,59923,5,1,1,5,MARRIED,0,0,25,53.06,0,0,5000,0,1,1,3500,4,5000,15780.75,MEDIUM,0
MI,Midwest,F,Truck Driver,26,1,61012,1,1,1,1,MARRIED,0,2400,1314,53.27,2299,3,1300,3,1,1,1100,0,1300,21353.0,MEDIUM,0
MS,South,F,PROF-13,36,1,58069,1,1,1,2,DIVORCED,0,0,188,52.98,700,3,2500,2,1,1,1500,1,2500,22117.25,HIGH,0
CA,West,F,Veterinarian,29,0,63299,5,1,1,5,DIVORCED,0,3100,25,54.99,1046,2,3500,5,1,1,2000,0,1000,21224.75,MEDIUM,1
MN,West,M,Programmer/Developer,21,0,60786,3,1,0,3,SINGLE,0,500,25,53.08,127,18,0,1,0,2,1000,1,0,12796.5,LOW,0
MI,Midwest,F,PROF-6,35,1,58000,3,1,1,4,DIVORCED,0,1100,25,54.57,842,3,2000,5,1,3,900,3,2000,19000.0,MEDIUM,1
CA,West,M,Veterinarian,50,0,78125,3,1,1,3,MARRIED,0,250,7715,53.43,20856,0,11657,4,1,2,2500,1,1400,30031.25,VERY HIGH,0
MN,West,F,Homemaker,38,0,78250,5,1,1,5,OTHER,0,17550,886,53.62,2151,13,20000,4,1,1,4000,3,1700,25862.5,HIGH,1
MI,Midwest,F,Law Enforcement Officer,43,1,73464,1,1,1,1,DIVORCED,0,0,25,54.41,0,4,2000,5,1,1,1500,1,2000,26166.0,HIGH,0
NY,NorthEast,F,PROF-26,29,0,62356,1,1,1,1,MARRIED,0,500,25,53.77,729,2,1700,4,1,2,1000,3,1700,26989.0,HIGH,0
WA,West,F,IT Staff,0,1,57340,1,1,1,1,DIVORCED,0,2250,13398,53.98,17441,2,2500,5,1,1,1500,0,750,0.0,LOW,0
CA,West,M,Cashier,49,1,66675,1,1,1,1,MARRIED,0,3025,2774,54.32,2858,3,1500,5,1,1,800,1,675,25068.75,HIGH,0
NY,NorthEast,F,Administrator,49,1,59870,1,1,1,1,WIDOWED,29714,17700,25,54.44,31444,3,8000,5,1,2,500,2,4500,23367.5,HIGH,0
MI,Midwest,M,Administrator,28,0,75869,4,1,1,4,DIVORCED,0,4200,9559,53.78,9716,4,4500,4,1,1,3500,1,4500,25767.25,HIGH,1
UT,Southwest,M,Programmer/Developer,25,1,70112,3,1,0,3,SINGLE,0,750,283,53.08,793,5,0,1,0,3,1500,3,0,10528.0,LOW,0
WI,Midwest,F,Programmer/Developer,22,1,69586,4,1,1,4,DIVORCED,0,3400,26,53.74,1775,4,4000,4,1,1,900,1,4000,18596.5,MEDIUM,1
CA,West,M,Administrative Assistant,0,0,67082,0,1,0,2,SINGLE,0,28300,1185,53.18,1693,1,0,3,0,6,900,2,5000,0.0,LOW,0
MI,Midwest,F,Publisher,55,1,61580,3,1,2,4,WIDOWED,6602,18300,2629,52.97,10054,2,5000,2,2,5,900,0,3100,31895.0,VERY HIGH,0
MO,Midwest,F,Programmer/Developer,29,0,74398,5,1,0,5,SINGLE,0,700,25,53.24,3819,11,0,3,0,3,1500,1,0,13999.5,LOW,0
MI,Midwest,F,Programmer/Developer,36,0,73019,1,1,1,1,DIVORCED,0,0,116,53.07,212,1,1980,1,1,1,1500,1,1980,30354.75,VERY HIGH,0
NY,NorthEast,M,Professor,30,0,63363,3,1,1,3,MARRIED,0,301,25,53.04,377,2,1500,2,1,2,1000,4,1500,24340.75,HIGH,0
CA,West,M,Programmer/Developer,24,1,64032,3,1,1,3,SINGLE,0,550,25,53.22,607,2,350,3,1,2,900,0,350,18908.0,MEDIUM,1
CA,West,M,PROF-47,43,0,60388,1,1,1,1,MARRIED,0,0,25,54.0,506,0,800,5,1,1,1200,3,800,27897.0,HIGH,0
MI,Midwest,M,Administrative Assistant,0,0,70097,0,1,0,2,SINGLE,0,0,25,53.06,503,0,0,0,0,0,1500,0,0,0.0,LOW,0
UT,Southwest,M,Programmer/Developer,26,0,54879,1,1,1,1,MARRIED,0,500,25,52.97,184,4,1406,2,1,2,2500,5,1406,24819.75,HIGH,0
UT,Southwest,F,Construction Laborer,33,0,80551,4,1,1,4,DIVORCED,0,0,25,53.2,0,9,2350,3,1,0,2500,5,2350,27437.75,HIGH,0
CA,West,M,Programmer/Developer,25,1,63911,3,1,1,3,SINGLE,0,550,25,53.42,270,1,250,4,1,2,1000,1,250,18977.75,MEDIUM,1
CA,West,M,Construction Laborer,30,0,64971,3,1,1,3,MARRIED,0,500,236,53.65,793,14,700,4,1,2,1000,0,700,24742.75,HIGH,0
NM,Southwest,M,Programmer/Developer,32,1,59013,1,0,0,1,SINGLE,0,0,25,53.13,0,0,0,2,0,1,700,4,0,11453.25,LOW,0
NY,NorthEast,F,IT Staff,24,1,64353,1,1,1,1,MARRIED,0,0,25,53.06,0,0,1000,0,1,1,1500,1,1000,21988.25,MEDIUM,0
MI,Midwest,M,Author,66,0,68004,3,1,1,3,MARRIED,0,500,25,53.23,923,6,700,3,1,2,700,1,700,29101.0,HIGH,0
CA,West,M,Secretary,27,1,72953,1,1,2,1,DIVORCED,0,6574,568,53.46,634,2,2700,4,2,2,1500,0,1287,34438.25,VERY HIGH,0
NY,NorthEast,M,PROF-42,36,0,68137,3,1,1,3,DIVORCED,0,0,25,53.08,0,1,2000,1,1,0,1500,1,2000,26134.25,HIGH,0
MI,Midwest,M,Bank Teller,62,1,64441,3,1,1,3,MARRIED,6611,251,25,53.36,8314,14,913,3,1,2,700,4,913,22810.25,HIGH,0
WI,Midwest,F,DBA,48,1,59371,1,1,1,1,DIVORCED,0,5100,1149,55.05,1967,5,3570,5,1,2,1000,3,1500,23142.75,HIGH,1
NY,NorthEast,M,Veterinarian,33,1,58808,1,1,1,1,DIVORCED,344,4200,98,54.39,1648,2,3700,5,1,3,900,0,3700,21502.0,MEDIUM,1
NY,NorthEast,M,Programmer/Developer,23,0,63463,3,1,1,3,MARRIED,0,251,801,53.29,809,14,1200,3,1,2,1000,1,1200,23665.75,HIGH,0
WI,Midwest,F,PROF-1,36,0,58593,5,1,1,5,DIVORCED,0,2100,25,54.12,662,3,2215,5,1,1,2500,4,400,20748.25,MEDIUM,1
CO,West,M,Administrative Assistant,46,1,61075,0,1,0,2,SINGLE,0,0,25,53.09,2400,1,0,1,0,0,500,2,0,15868.75,MEDIUM,0
DC,NorthEast,F,IT Staff,56,1,64744,2,1,1,2,OTHER,0,14000,25,54.33,4988,2,15000,5,1,1,800,1,5000,23786.0,HIGH,0
MI,Midwest,M,Author,77,0,60958,3,1,1,1,MARRIED,0,0,25,53.06,504,0,1800,0,1,1,1000,0,1800,27439.5,HIGH,0
NY,NorthEast,F,DBA,49,1,70326,1,1,1,1,WIDOWED,0,0,124,54.07,662,3,5000,5,1,5,3000,3,5000,25981.5,HIGH,0
CA,West,M,Programmer/Developer,24,0,60686,3,1,0,3,SINGLE,1437,650,3006,53.43,4959,9,0,4,0,2,1500,2,0,13071.5,LOW,0
NY,NorthEast,F,PROF-10,25,1,64206,1,1,1,1,DIVORCED,0,8100,130,55.08,3040,4,3000,5,1,4,1500,2,2700,22051.5,HIGH,1
NY,NorthEast,M,IT Staff,27,1,75571,1,1,1,1,DIVORCED,0,0,25,53.11,679,14,2500,2,1,1,1500,1,2500,25092.75,HIGH,0
UT,Southwest,F,Childcare Worker,30,1,70853,5,1,1,5,DIVORCED,0,1445,25,53.26,1328,2,2200,3,1,2,900,0,700,18213.25,MEDIUM,0
NY,NorthEast,M,First-line Manager,25,0,73401,1,1,1,1,MARRIED,0,250,25,53.35,245,1,1500,3,1,2,1500,3,1500,29350.25,HIGH,0
NY,NorthEast,F,IT Staff,38,1,60195,1,1,1,1,DIVORCED,0,0,236,53.22,748,4,3000,3,1,1,1300,0,3000,22348.75,HIGH,0
CA,West,M,PROF-5,54,0,66180,6,1,1,4,MARRIED,0,900,4687,53.69,4694,1,700,4,1,3,800,1,700,21945.0,MEDIUM,0
NY,NorthEast,M,Sales Representative,21,0,69983,3,1,1,3,SINGLE,0,0,25,53.07,0,2,350,1,1,0,1500,1,350,25095.75,HIGH,0
NY,NorthEast,M,Construction Laborer,24,0,76570,3,1,1,3,SINGLE,0,0,25,53.06,0,1,358,0,1,0,1500,1,358,27042.5,HIGH,0
CA,West,F,IT Staff,45,0,74625,1,1,1,1,MARRIED,0,7800,25,53.33,668,4,5000,3,1,4,1400,3,5000,31656.25,VERY HIGH,1
NY,NorthEast,M,Programmer/Developer,22,0,67076,3,1,0,3,SINGLE,0,750,96,53.03,159,15,0,2,0,3,1000,1,0,14469.0,MEDIUM,0
NY,NorthEast,M,Programmer/Developer,20,0,67190,3,1,0,3,SINGLE,0,500,11581,53.05,11602,8,0,2,0,2,1000,1,0,14297.5,MEDIUM,1
NC,South,M,PROF-23,26,0,62349,1,1,1,1,MARRIED,0,0,1364,53.05,1423,3,810,2,1,1,1500,1,810,26687.25,HIGH,0
CA,West,F,IT Staff,69,1,62229,2,1,1,2,WIDOWED,0,10200,860,53.75,2568,5,6000,4,1,4,500,0,3000,24457.25,HIGH,1
NY,NorthEast,M,Programmer/Developer,26,1,66248,3,1,1,3,DIVORCED,0,4150,7805,53.41,8599,4,3000,4,1,1,1500,7,1500,19662.0,MEDIUM,0
NV,Southwest,M,Nurse,29,0,61262,2,0,0,2,SINGLE,0,0,25,53.06,0,0,0,0,0,0,1000,1,0,15215.5,MEDIUM,0
CA,West,M,Lab Technician,37,1,67329,3,1,2,4,MARRIED,0,850,337,54.34,687,3,1800,5,2,1,1000,1,250,31532.25,VERY HIGH,1
MI,Midwest,F,PROF-14,44,1,64998,5,1,1,5,DIVORCED,0,5250,25,55.02,2077,16,4000,5,1,4,900,2,850,18149.5,MEDIUM,1
NY,NorthEast,F,Administrative Assistant,65,1,59819,5,1,1,5,DIVORCED,111088,5501,25,56.37,112822,0,3081,6,1,2,1700,0,1201,18954.75,MEDIUM,0
NY,NorthEast,M,Publisher,31,1,70289,1,1,1,1,DIVORCED,0,3700,25,55.54,509,12,2500,6,1,1,1500,4,2500,24172.25,HIGH,1
NY,NorthEast,M,PROF-43,42,0,81832,3,1,1,3,MARRIED,0,500,253,53.39,262,2,731,4,1,2,2500,1,731,30158.0,VERY HIGH,0
DC,NorthEast,M,Veterinarian,28,1,70347,0,1,2,4,MARRIED,0,0,25,53.06,502,0,1200,0,2,0,1000,3,1200,37386.75,VERY HIGH,0
NY,NorthEast,F,Programmer/Developer,31,0,63251,5,1,2,5,MARRIED,0,0,25,53.06,0,0,1400,0,2,1,700,1,1400,31412.75,VERY HIGH,0
CA,West,M,PROF-5,31,0,65843,3,1,1,3,SINGLE,0,0,25,53.06,0,0,288,0,1,0,700,1,288,25060.75,HIGH,0
MI,Midwest,M,Medical Doctor,0,0,66119,0,1,0,2,SINGLE,0,0,25,53.06,505,0,0,0,0,0,1500,4,0,0.0,LOW,0
MI,Midwest,M,PROF-55,45,0,66820,1,1,1,2,DIVORCED,0,0,25,53.12,702,2,2000,2,1,0,500,2,2000,30205.0,VERY HIGH,0
NY,NorthEast,M,Sales Representative,37,0,64916,0,1,0,2,SINGLE,0,0,25,53.04,314,0,0,2,0,0,600,1,0,20929.0,MEDIUM,0
CA,West,F,Software Engineer,70,1,67232,1,1,0,1,DIVORCED,0,19200,65,60.07,10075,4,0,7,0,2,1000,0,4300,17308.0,MEDIUM,1
NY,NorthEast,M,Childcare Worker,44,1,61056,1,1,1,1,DIVORCED,0,0,461,53.15,965,0,2200,2,1,1,1000,0,2200,23164.0,HIGH,0
IL,Midwest,F,IT Staff,54,1,71191,1,1,1,1,DIVORCED,0,0,25,53.06,0,0,4200,0,1,1,3500,1,4200,26697.75,HIGH,0
NY,NorthEast,F,DBA,47,1,59934,1,1,1,1,DIVORCED,0,0,25,55.45,506,1,2000,5,1,1,1500,3,2000,23183.5,HIGH,0
NY,NorthEast,M,School Teacher,52,1,84910,5,1,1,5,DIVORCED,0,0,25,53.49,629,6,4200,4,1,1,3500,0,4200,23927.5,HIGH,0
TX,Southwest,F,Cashier,33,0,68376,1,1,1,1,DIVORCED,0,1500,25,53.44,218,10,2721,4,1,3,1000,2,400,28894.0,HIGH,1
MI,Midwest,M,Programmer/Developer,21,0,60685,3,0,0,3,SINGLE,0,0,25,53.06,0,0,0,0,0,1,1000,1,0,12771.25,LOW,0
MO,Midwest,M,Programmer/Developer,22,0,60660,3,0,0,3,SINGLE,0,750,30,53.12,0,5,0,2,0,3,1000,1,0,12865.0,LOW,1
DC,NorthEast,M,PROF-40,26,0,68753,3,1,1,3,MARRIED,0,450,3181,53.41,3648,13,700,4,1,2,1000,3,700,25288.25,HIGH,0
NY,NorthEast,F,Not specified,36,1,64912,1,1,1,1,MARRIED,0,0,25,54.17,1227,9,6500,5,1,1,500,2,6500,23328.0,HIGH,0
NY,NorthEast,F,Publisher,50,1,66118,1,1,1,1,WIDOWED,0,11001,25,58.44,6894,3,5000,6,1,4,3500,3,1,25029.5,HIGH,1
CA,West,M,Cashier,41,1,60409,3,1,1,4,DIVORCED,0,0,7027,53.18,7897,3,3800,3,1,0,800,1,3800,20202.25,MEDIUM,0
CA,West,F,Author,72,1,60513,3,1,1,4,MARRIED,0,2151,4103,53.62,7226,1,1509,4,1,1,1500,0,531,23328.25,HIGH,0
MI,Midwest,M,Construction Laborer,48,0,67941,0,0,0,2,SINGLE,0,0,25,53.06,0,0,0,0,0,0,600,1,0,22785.25,HIGH,0
NY,NorthEast,M,Professor,22,0,56929,3,0,0,3,SINGLE,0,0,25,53.06,0,0,0,0,0,0,1500,4,0,11932.25,LOW,0
CA,West,F,IT Staff,53,0,68194,1,1,1,1,OTHER,0,9000,25,54.49,2680,3,15000,5,1,4,5000,0,3000,30848.5,VERY HIGH,1
CA,West,M,DBA,36,0,72196,3,1,1,3,DIVORCED,0,0,25,53.06,506,0,1840,0,1,1,1500,1,1840,27149.0,HIGH,0
NY,NorthEast,F,IT Staff,38,1,58770,3,1,1,4,DIVORCED,23030,2200,996,53.7,24614,0,3000,4,1,1,1300,1,3000,19492.5,MEDIUM,0
CA,West,M,Administrative Assistant,69,1,61943,0,1,1,2,MARRIED,0,0,1466,53.12,1971,0,909,2,1,1,600,0,909,28385.75,HIGH,0
MI,Midwest,F,Technical Writer,49,0,67163,1,1,1,1,MARRIED,0,1501,181,53.08,1113,4,1590,1,1,3,1500,2,1590,30190.75,VERY HIGH,0
MI,Midwest,F,Not specified,68,0,67570,1,1,1,1,WIDOWED,0,7300,25,56.41,3327,4,10000,6,1,4,5000,1,10000,32192.5,VERY HIGH,1
MI,Midwest,M,Cashier,42,0,63127,5,1,1,5,DIVORCED,0,0,25,53.06,0,0,4800,0,1,0,800,1,4800,22481.75,HIGH,0
OR,West,M,Programmer/Developer,28,0,59517,3,1,1,3,SINGLE,0,650,69,53.28,100,13,400,3,1,2,1000,2,400,23179.25,HIGH,0
CA,West,M,Lab Technician,31,1,72144,1,1,1,1,DIVORCED,0,0,25,53.96,607,6,3000,5,1,1,1500,1,3000,24636.0,HIGH,0
DC,NorthEast,M,IT Staff,24,1,60249,1,1,1,1,MARRIED,0,250,25,53.54,409,2,1000,4,1,2,1000,3,1000,20962.25,MEDIUM,0
CA,West,M,PROF-40,43,0,61460,1,1,1,1,MARRIED,0,0,25,53.11,777,7,1000,2,1,1,500,3,1000,28165.0,HIGH,0
WI,Midwest,M,Programmer/Developer,25,1,61217,3,1,0,3,SINGLE,0,550,25,53.34,155,18,0,3,0,2,1000,8,0,8304.25,LOW,1
MI,Midwest,M,IT Staff,34,1,64180,1,1,1,4,MARRIED,0,0,25,49.94,506,7,12000,2,1,1,500,3,12000,24445.0,HIGH,0
NY,NorthEast,F,Truck Driver,29,1,72361,1,1,1,1,DIVORCED,0,4100,25,58.73,2856,2,4600,6,1,1,3000,2,1300,24490.25,HIGH,1
CA,West,M,Programmer/Developer,21,0,69368,3,1,1,3,MARRIED,0,251,2289,53.1,2425,11,700,2,1,2,1000,3,700,24942.0,HIGH,0
FL,South,F,IT Staff,35,1,57213,1,1,1,1,DIVORCED,0,0,94,53.08,596,5,3500,1,1,1,1500,1,3500,21303.25,MEDIUM,0
CA,West,F,Administrator,49,0,86041,1,1,1,1,DIVORCED,0,1000,25,53.06,0,0,2000,0,1,3,2500,5,2000,34910.25,VERY HIGH,0
FL,South,M,PROF-8,53,1,64514,5,1,1,5,DIVORCED,0,2000,25,53.96,1193,2,4000,5,1,1,1000,1,600,18928.5,MEDIUM,1
CA,West,F,Veterinarian,42,1,89385,5,1,1,5,MARRIED,12034,22000,419,53.82,12933,3,11000,4,1,5,5000,2,5000,24046.25,HIGH,1
IL,Midwest,M,Veterinarian,40,1,68668,0,1,1,2,DIVORCED,0,0,25,49.86,521,1,2900,2,1,1,1700,3,2900,27167.0,HIGH,0
UT,Southwest,F,Veterinarian,33,1,62482,5,1,1,5,DIVORCED,68682,6800,25,55.88,76910,1,3503,6,1,4,900,1,1500,16420.5,MEDIUM,0
WI,Midwest,M,PROF-11,35,0,62427,3,1,1,3,SINGLE,0,0,25,53.06,0,0,300,0,1,0,600,1,300,24606.75,HIGH,0
MI,Midwest,M,PROF-8,34,1,65980,1,1,1,1,DIVORCED,0,3750,25,54.86,2233,3,2950,5,1,2,900,1,650,23395.0,HIGH,1
NY,NorthEast,M,Not specified,34,1,58012,1,1,1,4,DIVORCED,0,3550,25,53.7,1210,4,2277,4,1,1,1500,0,350,22903.0,HIGH,1
MI,Midwest,M,Author,53,1,62383,1,1,1,1,MARRIED,0,201,456,53.12,467,2,1000,2,1,1,1000,1,1000,24395.75,HIGH,0
MI,Midwest,F,PROF-1,70,1,61959,1,1,1,1,MARRIED,1127,2068,3774,53.51,5443,2,1200,4,1,1,1100,0,468,25989.75,HIGH,1
CA,West,M,Accountant,32,1,61440,0,1,1,2,MARRIED,0,2820,25,53.09,669,4,885,1,1,1,700,0,720,24560.0,HIGH,1
CA,West,F,IT Staff,70,1,75250,1,1,2,1,WIDOWED,0,9850,25,53.57,1075,18,7000,4,2,4,5000,0,1500,39312.5,VERY HIGH,0
CA,West,M,Construction Laborer,25,0,66360,0,1,0,2,SINGLE,0,0,25,53.07,133,2,0,1,0,0,900,1,0,20090.0,MEDIUM,0
WI,Midwest,F,IT Staff,44,1,60271,1,1,1,1,DIVORCED,11167,9000,25,54.26,21802,1,4000,5,1,4,500,2,1600,22967.75,HIGH,0
MN,West,M,Software Engineer,31,1,62658,4,1,0,4,DIVORCED,0,9000,8493,53.81,9718,4,0,4,0,4,500,1,1500,7764.5,LOW,0
NY,NorthEast,M,PROF-12,64,1,62566,3,1,1,3,MARRIED,0,0,25,53.5,0,0,774,4,1,1,600,1,774,22541.5,HIGH,0
OR,West,M,Veterinarian,40,1,62277,1,1,2,4,MARRIED,5554,1300,3596,53.3,11016,13,731,3,2,2,600,2,731,34569.25,VERY HIGH,0
MI,Midwest,F,PROF-29,35,0,63009,1,1,1,4,MARRIED,0,950,25,53.16,2206,2,1500,2,1,3,1000,1,250,29252.25,HIGH,0
CA,West,M,Lab Technician,73,1,61102,1,1,1,1,MARRIED,0,0,3307,53.28,3998,2,874,3,1,1,1300,0,874,26075.5,HIGH,0
NY,NorthEast,M,PROF-63,47,1,65182,0,1,0,2,SINGLE,1570,24000,15469,61.54,22537,3,0,7,0,6,1100,0,5000,16995.5,MEDIUM,1
NY,NorthEast,M,Administrative Assistant,35,1,66039,0,1,2,2,MARRIED,0,0,25,53.06,504,0,10000,0,2,1,500,0,10000,36009.75,VERY HIGH,0
NY,NorthEast,M,Bank Teller,51,1,59348,0,1,0,2,SINGLE,0,1956,1984,53.48,2648,10,0,4,0,1,700,2,506,15937.0,MEDIUM,0
UT,Southwest,M,PROF-3,34,0,51837,1,1,1,1,MARRIED,0,0,25,53.29,0,12,5000,3,1,0,4000,5,5000,24859.25,HIGH,0
NV,Southwest,M,Truck Driver,33,1,61753,3,1,1,3,MARRIED,0,0,25,53.06,0,0,1000,0,1,0,700,1,1000,19238.25,MEDIUM,0
NY,NorthEast,M,Programmer/Developer,21,1,63061,3,1,1,3,MARRIED,0,301,25,53.18,588,2,1500,3,1,2,500,4,1500,18365.25,MEDIUM,0
NY,NorthEast,M,Clerical,32,1,71060,5,1,1,5,MARRIED,0,16201,997,56.21,8268,3,10000,6,1,3,1000,2,1,18465.0,MEDIUM,1
CA,West,F,Administrative Assistant,42,0,67881,1,1,1,1,MARRIED,0,250,25,53.2,137,7,700,3,1,2,600,3,700,29670.25,HIGH,1
NY,NorthEast,F,Software Engineer,44,1,65190,2,1,1,2,MARRIED,0,15900,7702,57.47,8868,2,10000,6,1,4,500,0,2800,22697.5,HIGH,0
CA,West,M,PROF-30,48,1,65042,6,1,1,4,SINGLE,0,0,25,53.09,592,2,547,1,1,0,800,1,547,16060.5,MEDIUM,0
NV,Southwest,F,IT Staff,35,1,62719,1,1,1,1,DIVORCED,0,0,25,53.75,528,3,2000,4,1,0,500,3,2000,22679.75,HIGH,0
NY,NorthEast,F,IT Staff,74,1,59039,1,1,1,1,WIDOWED,0,1801,25,53.77,536,1,12000,4,1,3,900,0,12000,25659.75,HIGH,0
MS,South,M,Waiter/Waitress,22,1,64494,1,1,1,2,DIVORCED,0,3500,25,56.98,1156,2,2500,6,1,1,1000,1,2500,22323.5,HIGH,1
CA,West,M,IT Staff,36,0,78240,1,1,1,1,DIVORCED,0,4150,25,54.04,2015,2,3650,5,1,1,2000,2,800,31660.0,VERY HIGH,1
NY,NorthEast,M,Programmer/Developer,21,0,59867,3,1,0,3,SINGLE,0,500,25,53.69,202,4,0,4,0,2,1000,1,0,12566.75,LOW,1
NY,NorthEast,F,Sales Representative,40,1,70482,5,1,1,5,DIVORCED,0,1050,25,53.55,998,3,2000,4,1,1,1500,0,300,19120.5,MEDIUM,1
CA,West,M,Cashier,38,0,62801,0,1,0,2,SINGLE,0,0,25,53.01,525,11,0,2,0,1,500,3,0,20500.25,MEDIUM,0
NY,NorthEast,M,PROF-62,26,1,68811,3,1,1,3,MARRIED,0,1200,25,53.37,396,15,1200,3,1,3,900,1,1200,20302.75,MEDIUM,0
CA,West,M,Not specified,48,1,68959,1,1,0,1,SINGLE,0,0,757,53.16,1288,1,0,2,0,1,800,3,0,15539.75,MEDIUM,0
CA,West,F,PROF-59,48,1,64557,1,1,1,1,DIVORCED,0,16950,25,54.56,2143,4,3000,5,1,5,1000,3,2800,24439.25,HIGH,1
NY,NorthEast,M,PROF-29,20,0,66250,3,1,1,3,MARRIED,0,200,25,53.07,0,1,1000,1,1,1,1000,1,1000,24062.5,HIGH,0
MI,Midwest,F,Lab Technician,53,0,69487,1,1,1,1,MARRIED,0,800,96,53.02,679,3,1000,2,1,1,800,2,1000,31171.75,VERY HIGH,1
CA,West,M,Nurse,23,1,61616,3,1,1,3,SINGLE,0,0,25,53.09,0,2,400,1,1,0,1000,1,400,18204.0,MEDIUM,0
NY,NorthEast,M,Programmer/Developer,20,0,57911,3,1,1,3,SINGLE,0,500,25,53.56,242,6,543,4,1,2,1000,2,543,21977.75,MEDIUM,1
DC,NorthEast,F,IT Staff,27,1,56504,1,1,1,1,DIVORCED,0,3500,25,53.56,2594,3,4000,4,1,1,1500,1,600,20326.0,MEDIUM,1
NY,NorthEast,M,PROF-26,21,0,59885,3,1,1,3,MARRIED,0,500,25,53.53,224,12,1500,4,1,2,1500,1,1500,22571.25,HIGH,0
CA,West,M,Waiter/Waitress,34,0,63281,1,1,0,1,SINGLE,0,0,25,53.06,506,0,0,0,0,0,500,3,0,17720.25,MEDIUM,0
NY,NorthEast,F,Lab Technician,42,1,63640,1,1,1,1,MARRIED,0,4000,2908,53.95,5674,2,5600,4,1,1,1000,0,1000,23610.0,HIGH,0
NY,NorthEast,M,PROF-61,46,1,59581,0,1,0,2,SINGLE,98076,7644,25,57.84,98590,2,0,6,0,1,600,0,3322,15495.25,MEDIUM,0
NC,South,M,Waiter/Waitress,26,1,57724,3,1,2,3,MARRIED,0,1600,207,53.24,246,9,980,3,2,1,1000,0,980,27531.0,HIGH,0
NV,Southwest,F,Clerical,44,1,98263,3,1,2,4,OTHER,812,26600,25,54.04,7866,12,15000,5,2,2,4000,0,5000,39965.75,VERY HIGH,0
OH,Midwest,M,PROF-6,19,0,61500,3,1,1,3,MARRIED,0,0,25,53.06,0,0,1200,0,1,0,2500,1,1200,22775.0,HIGH,0
FL,South,M,Dentist,26,1,59303,3,1,1,3,MARRIED,0,1650,25,54.22,1086,4,1214,5,1,3,1000,1,300,17925.75,MEDIUM,1
MN,West,M,PROF-29,43,0,61165,4,1,2,4,MARRIED,0,0,25,53.08,0,1,800,1,2,0,900,3,800,33591.25,VERY HIGH,0
NV,Southwest,F,Clerical,51,0,70044,1,1,1,1,DIVORCED,44,0,342,53.17,413,1,3000,2,1,0,2500,1,3000,31111.0,VERY HIGH,0
NC,South,F,Publisher,58,1,63402,1,1,1,1,DIVORCED,0,3850,25,54.7,2044,12,2055,5,1,1,900,2,1000,25150.5,HIGH,1
CA,West,M,Fireman,60,0,59368,0,1,0,2,SINGLE,0,0,25,53.06,507,0,0,0,0,1,1300,0,0,21842.0,MEDIUM,0
FL,South,M,PROF-5,26,1,72463,3,1,1,3,MARRIED,0,250,2202,53.17,2765,9,1500,2,1,2,1500,0,1500,21215.75,MEDIUM,0
MI,Midwest,M,Author,0,0,68468,0,1,0,2,SINGLE,0,0,25,53.06,504,0,0,0,0,0,1400,0,0,0.0,LOW,0
CA,West,M,PROF-18,20,0,75031,3,0,0,3,SINGLE,0,0,25,53.05,0,0,0,2,0,0,1500,1,0,16257.75,MEDIUM,0
MI,Midwest,M,Programmer/Developer,28,0,64462,3,0,0,3,SINGLE,0,0,25,53.06,0,0,0,0,0,1,1000,1,0,14415.5,MEDIUM,0
CA,West,M,PROF-15,61,1,62462,6,1,1,4,DIVORCED,0,700,4556,53.54,5807,2,2000,4,1,4,1000,3,2000,16715.5,MEDIUM,0
NY,NorthEast,F,PROF-13,32,1,62359,1,1,1,4,DIVORCED,0,3900,5456,53.14,5975,2,3000,2,1,1,900,0,1700,23789.75,HIGH,0
CA,West,M,Programmer/Developer,22,0,71233,3,1,1,3,SINGLE,0,0,25,53.06,0,0,250,0,1,1,1000,1,250,25508.25,HIGH,0
MI,Midwest,M,Plumber,43,0,58393,3,1,1,3,MARRIED,0,1668,25,53.82,1071,4,1200,4,1,1,800,0,468,24398.25,HIGH,1
MI,Midwest,F,DBA,31,0,71733,1,1,1,1,MARRIED,0,750,25,53.57,333,8,1300,4,1,3,1500,1,1300,29533.25,HIGH,1
CA,West,M,Programmer/Developer,42,0,65822,3,0,0,3,SINGLE,0,250,25,53.02,0,6,0,2,0,1,600,1,0,16155.5,MEDIUM,1
CA,West,M,Fireman,31,1,59296,3,1,0,3,SINGLE,0,0,4672,53.48,4682,13,0,4,0,0,600,1,0,8424.0,LOW,0
NY,NorthEast,F,Waiter/Waitress,69,0,70805,1,1,2,1,DIVORCED,0,8450,13752,54.31,13972,3,3500,5,2,6,1500,0,3500,43101.25,VERY HIGH,0
UT,Southwest,M,First-line Manager,36,0,76984,1,1,1,1,MARRIED,0,0,25,53.06,0,0,1000,0,1,0,2500,5,1000,31346.0,VERY HIGH,0
MN,West,M,PROF-8,73,1,64632,3,1,1,4,DIVORCED,0,2968,542,54.93,2276,2,3200,5,1,1,1000,0,1087,24458.0,HIGH,1
NY,NorthEast,F,Technical Writer,26,0,63799,1,1,1,1,DIVORCED,0,0,25,53.06,0,0,1900,0,1,1,1000,1,1900,27049.75,HIGH,0
MI,Midwest,F,Fireman,41,0,75513,2,1,1,2,DIVORCED,0,4525,5306,53.15,5815,15,2500,2,1,4,1500,2,975,29978.25,HIGH,0
CA,West,M,Programmer/Developer,24,0,61564,3,0,0,3,SINGLE,0,600,25,53.43,0,4,0,4,0,2,1000,1,0,13291.0,LOW,1
FL,South,M,Nurse,48,0,66711,0,0,0,2,SINGLE,0,0,25,53.04,0,0,0,2,0,0,800,1,0,22477.75,HIGH,0
NY,NorthEast,M,PROF-23,44,0,61980,0,1,0,2,SINGLE,0,0,25,53.08,503,1,0,1,0,0,600,3,0,20895.0,MEDIUM,0
NY,NorthEast,M,Programmer/Developer,22,0,71140,3,1,1,3,SINGLE,0,0,25,53.06,0,0,300,0,1,1,1000,1,300,25485.0,HIGH,0
MI,Midwest,M,IT Staff,42,1,62358,0,1,0,2,SINGLE,0,0,25,53.08,720,1,0,1,0,0,500,0,0,15789.5,MEDIUM,0
MI,Midwest,M,Not specified,42,0,68924,0,1,0,3,SINGLE,0,0,25,53.34,506,0,0,3,0,0,900,2,0,22931.0,HIGH,0
FL,South,F,Lab Technician,32,0,81909,3,1,1,3,MARRIED,0,650,25,53.07,188,15,800,1,1,2,2500,4,800,29177.25,HIGH,1
NY,NorthEast,F,Bank Teller,27,0,63114,5,1,1,5,MARRIED,0,1450,1540,54.49,2409,3,1450,5,1,3,1500,1,1450,20978.5,MEDIUM,1
NV,Southwest,F,Waiter/Waitress,55,1,72642,1,1,1,1,MARRIED,0,3070,25,55.08,2312,3,1500,5,1,1,1500,1,1000,27160.5,HIGH,1
NY,NorthEast,F,Clerical,70,1,98449,1,1,1,4,OTHER,170498,36000,592,63.04,499362,6,30000,7,1,9,4000,0,30000,36612.25,VERY HIGH,0
UT,Southwest,F,Programmer/Developer,35,0,81090,5,1,1,5,DIVORCED,0,1200,25,53.84,135,3,2500,4,1,3,2500,5,400,26272.5,HIGH,1
NY,NorthEast,M,Nurse,73,0,61071,0,1,0,2,SINGLE,0,0,2750,53.2,3267,1,0,3,0,0,900,3,0,23567.75,HIGH,0
MI,Midwest,M,PROF-10,40,1,68717,0,1,1,2,MARRIED,0,0,209,53.11,718,10,1000,2,1,0,700,3,1000,27179.25,HIGH,0
NY,NorthEast,F,Bank Teller,50,1,47900,1,1,1,1,WIDOWED,0,15100,1148,54.54,36920,4,8000,5,1,3,5000,8,8000,20475.0,MEDIUM,1
CA,West,F,IT Staff,55,1,59628,3,1,1,4,WIDOWED,0,11800,25,54.78,9923,2,6800,5,1,4,900,3,3000,21407.0,MEDIUM,0
CA,West,F,Cashier,34,0,62654,1,1,1,1,DIVORCED,0,2100,1367,52.96,1375,2,3500,2,1,1,2000,1,3500,27563.5,HIGH,0
IL,Midwest,F,Truck Driver,41,1,60411,1,1,1,1,DIVORCED,0,1800,25,54.27,2086,2,3500,5,1,3,1000,2,600,22702.75,HIGH,1
WA,West,M,Truck Driver,33,1,61789,0,1,1,2,DIVORCED,0,10300,11174,54.36,12132,3,3000,5,1,4,1300,3,2400,24747.25,HIGH,0
IL,Midwest,F,Clerical,49,1,56506,1,1,1,1,WIDOWED,0,24000,13125,54.35,46108,3,5000,5,1,4,1800,2,4000,22526.5,HIGH,0
OH,Midwest,M,Professor,41,0,63722,0,1,1,2,MARRIED,0,0,25,53.06,506,0,1300,0,1,1,900,2,1300,31030.5,VERY HIGH,0
NY,NorthEast,M,Sales Representative,20,0,64895,3,1,1,3,MARRIED,0,750,916,53.09,925,9,700,1,1,3,1000,1,700,23723.75,HIGH,0
MI,Midwest,F,PROF-16,35,0,66866,1,1,1,1,MARRIED,0,1100,81,53.83,156,4,1100,4,1,3,700,1,1100,28716.5,HIGH,0
NY,NorthEast,M,PROF-3,29,0,68002,0,1,1,2,DIVORCED,0,0,25,53.07,549,1,2000,1,1,1,1500,2,2000,30900.5,VERY HIGH,0
MI,Midwest,M,Plumber,48,1,60188,1,1,1,1,MARRIED,0,500,884,53.35,895,15,750,3,1,2,600,1,750,23347.0,HIGH,0
NY,NorthEast,F,Clerical,27,1,68069,5,1,1,5,MARRIED,2178,8850,13091,53.84,16470,4,5000,4,1,2,3000,2,1500,17217.25,MEDIUM,0
NY,NorthEast,M,PROF-20,26,0,68436,3,1,1,3,MARRIED,0,0,25,53.06,0,0,700,0,1,0,1000,1,700,25209.0,HIGH,0
NY,NorthEast,M,Programmer/Developer,21,1,65843,3,1,0,3,SINGLE,0,500,25,53.19,136,2,0,3,0,2,1000,3,0,9060.75,LOW,1
CA,West,M,Waiter/Waitress,0,0,62089,0,1,1,2,MARRIED,0,0,25,53.02,509,18,787,2,1,1,1000,3,787,0.0,LOW,0
CA,West,M,Veterinarian,26,1,65108,1,1,1,1,MARRIED,0,0,156,52.94,685,3,700,2,1,1,900,0,700,22377.0,HIGH,0
MI,Midwest,F,Lab Technician,50,1,55493,1,1,1,1,MARRIED,0,0,25,53.61,281,4,1200,4,1,1,1500,1,1200,22373.25,HIGH,0
MI,Midwest,M,Author,48,1,67163,6,1,1,4,DIVORCED,0,1700,25,54.17,829,15,2184,5,1,3,1500,1,2184,16590.75,MEDIUM,0
NY,NorthEast,M,Programmer/Developer,24,0,62070,3,1,1,3,SINGLE,0,500,67,53.13,111,14,400,2,1,2,1000,4,400,23417.5,HIGH,1
MI,Midwest,F,PROF-65,42,1,56452,1,1,1,1,MARRIED,0,0,25,53.38,506,0,5000,3,1,1,3000,3,5000,21813.0,MEDIUM,0
CA,West,M,DBA,33,1,68179,1,1,1,1,MARRIED,0,1400,25,53.95,1190,16,1265,4,1,1,900,1,1265,23844.75,HIGH,1
NC,South,F,IT Staff,37,1,63663,1,1,1,1,MARRIED,0,21600,136,63.33,8613,2,10000,7,1,5,500,6,4000,23115.75,HIGH,1
DC,NorthEast,M,Cashier,46,1,63760,1,1,2,1,MARRIED,0,0,25,52.77,0,0,5000,2,2,1,800,1,5000,34040.0,VERY HIGH,0
CA,West,M,Construction Laborer,44,0,65940,0,1,0,2,SINGLE,0,0,25,53.08,301,6,0,1,0,0,600,1,0,21885.0,MEDIUM,0
OR,West,F,Author,58,0,60740,1,1,1,1,MARRIED,0,0,25,53.06,0,0,1117,0,1,1,1000,1,1117,29485.0,HIGH,0
CA,West,M,PROF-3,48,1,61958,1,1,1,1,DIVORCED,0,1350,25,53.18,1543,3,2654,3,1,3,900,6,350,23789.5,HIGH,0
NY,NorthEast,M,Nurse,74,0,68242,1,1,0,1,SINGLE,0,0,25,53.07,513,1,0,1,0,0,2500,1,0,22960.5,HIGH,0
NY,NorthEast,M,Lab Technician,27,1,66583,3,1,1,3,MARRIED,0,1300,1262,53.41,1614,6,1500,4,1,1,1000,1,300,19845.75,MEDIUM,1
OH,Midwest,M,Veterinarian,26,1,62520,3,1,1,3,SINGLE,0,300,487,53.09,504,18,340,1,1,2,1000,4,340,18730.0,MEDIUM,0
CA,West,M,Cashier,43,1,68781,1,1,1,1,MARRIED,26370,4450,25,54.29,29042,13,1000,5,1,2,900,1,1800,24995.25,HIGH,0
NY,NorthEast,M,Author,61,0,63785,0,1,0,2,SINGLE,0,6680,786,53.08,1293,1,0,1,0,4,900,2,1430,23046.25,HIGH,0
CA,West,M,Medical Doctor,57,1,66134,0,1,0,2,SINGLE,0,0,25,54.31,504,0,0,5,0,0,600,3,0,18233.5,MEDIUM,0
NY,NorthEast,M,Nurse,49,0,60501,0,1,0,2,SINGLE,0,0,1209,53.32,4401,7,0,3,0,1,500,1,0,21025.25,MEDIUM,0
NY,NorthEast,F,PROF-55,47,1,109943,3,1,1,4,MARRIED,0,8400,25,53.46,2786,3,7000,4,1,4,5000,8,3000,33185.75,VERY HIGH,0
MS,South,F,IT Staff,46,1,63268,1,1,1,2,MARRIED,0,9200,25,54.43,8284,4,6000,5,1,2,500,8,3000,24417.0,HIGH,0
AK,West,M,Medical Doctor,37,0,71142,5,1,1,5,MARRIED,0,0,25,55.53,532,1,6755,6,1,1,1500,2,6755,23985.5,HIGH,0
CA,West,M,PROF-46,43,0,69099,0,1,0,2,SINGLE,0,0,25,53.11,1707,4,0,2,0,1,800,1,0,22574.75,HIGH,0
NY,NorthEast,M,Mason,21,0,76050,3,1,1,3,SINGLE,0,0,25,53.16,0,2,238,2,1,0,1500,1,238,26612.5,HIGH,0
NY,NorthEast,M,First-line Manager,26,1,59189,0,1,0,2,SINGLE,0,0,25,53.06,506,0,0,0,0,0,1000,2,0,13397.25,LOW,0
NY,NorthEast,M,Nurse,22,0,60646,3,1,1,3,SINGLE,0,0,25,53.06,0,0,400,0,1,0,1000,4,400,22861.5,HIGH,0
CA,West,M,PROF-1,44,0,64627,0,0,0,2,SINGLE,0,0,25,53.06,0,0,0,0,0,0,700,1,0,21556.75,MEDIUM,0
NY,NorthEast,M,Author,72,1,59255,1,1,1,1,WIDOWED,0,9200,25,53.83,2006,9,5000,4,1,4,900,2,5000,25513.75,HIGH,0
WA,West,M,PROF-25,37,0,56582,3,1,1,3,DIVORCED,0,0,25,53.04,0,2,3000,2,1,1,1500,1,3000,23345.5,HIGH,0
MI,Midwest,M,Homemaker,33,0,60061,3,1,1,3,MARRIED,0,1250,25,53.23,1775,9,1000,3,1,3,900,0,400,23815.25,HIGH,0
MN,West,F,IT Staff,37,1,59502,1,1,1,4,MARRIED,0,7400,3561,53.78,4082,4,5000,4,1,4,900,3,2000,23575.5,HIGH,0
WI,Midwest,F,Clerical,45,1,45796,1,1,1,1,MARRIED,0,17100,25,55.98,2126,4,5000,6,1,5,3500,6,3100,19449.0,MEDIUM,1
NY,NorthEast,M,Administrative Assistant,0,0,58456,0,1,0,2,SINGLE,0,0,25,53.08,579,1,0,1,0,0,1200,1,0,0.0,LOW,0
NY,NorthEast,F,PROF-55,49,1,58892,2,1,1,2,DIVORCED,0,1600,25,53.3,1308,2,2000,3,1,1,900,0,2000,21623.0,MEDIUM,1
CA,West,M,Programmer/Developer,28,1,58279,3,1,0,3,SINGLE,44258,1900,25,53.65,44737,4,0,4,0,1,1500,5,0,7869.75,LOW,0
NY,NorthEast,F,IT Staff,53,1,56480,1,1,1,1,DIVORCED,0,7500,2280,53.56,3386,3,4000,4,1,1,1200,3,1500,22920.0,HIGH,1
CA,West,M,PROF-24,41,0,69999,3,1,1,3,DIVORCED,0,4900,3375,54.61,4643,3,3600,5,1,1,800,8,850,27099.75,HIGH,0
MI,Midwest,M,Nurse,67,0,60998,0,1,0,2,SINGLE,0,0,257,53.07,762,18,0,1,0,0,2500,1,0,22949.5,HIGH,0
MI,Midwest,M,Nurse,34,0,59621,0,0,0,2,SINGLE,0,0,25,53.08,0,4,0,1,0,0,700,1,0,19305.25,MEDIUM,0
NY,NorthEast,M,Administrative Assistant,50,1,59724,0,1,0,2,SINGLE,0,0,25,53.06,509,0,0,0,0,1,900,3,0,15931.0,MEDIUM,0
OK,Midwest,M,Programmer/Developer,28,0,60968,2,1,1,2,MARRIED,0,750,206,53.0,725,3,700,2,1,3,900,1,700,25042.0,HIGH,0
NY,NorthEast,M,PROF-47,45,1,58676,0,1,1,2,DIVORCED,0,0,25,53.06,507,0,3000,0,1,0,1000,3,3000,25169.0,HIGH,0
CA,West,M,Software Engineer,45,0,68006,3,1,1,3,MARRIED,0,0,1786,53.16,2324,1,1000,2,1,0,700,1,1000,27001.5,HIGH,0
CA,West,M,Accountant,66,1,58873,6,1,1,2,DIVORCED,0,0,25,53.25,1991,6,2500,3,1,1,800,2,2500,15318.25,MEDIUM,0
NY,NorthEast,M,Programmer/Developer,20,0,64194,3,1,1,3,SINGLE,0,650,25,53.39,0,7,250,4,1,2,1000,1,250,23548.5,HIGH,0
MI,Midwest,M,PROF-22,30,0,61659,3,1,1,3,SINGLE,0,0,25,53.07,0,0,224,1,1,0,1000,1,224,23914.75,HIGH,0
NV,Southwest,M,Sales Representative,50,1,60674,0,1,0,2,SINGLE,63310,0,25,56.01,63932,4,0,6,0,1,700,2,0,16168.5,MEDIUM,0
MS,South,F,IT Staff,48,1,62345,1,1,1,1,MARRIED,0,9000,25,58.5,4993,1,10000,6,1,4,5000,1,3000,23886.25,HIGH,1
NY,NorthEast,M,Fireman,29,1,58366,3,1,1,4,MARRIED,0,450,620,53.33,633,14,800,3,1,2,1000,1,800,18491.5,MEDIUM,0
NY,NorthEast,M,PROF-5,22,0,70401,0,0,0,2,SINGLE,0,0,25,53.06,0,0,0,0,0,0,1000,1,0,20800.25,MEDIUM,0
MI,Midwest,F,PROF-16,39,0,92802,1,1,1,1,MARRIED,0,6500,168,53.8,1672,3,7250,4,1,6,4000,1,7250,35600.5,VERY HIGH,0
WA,West,M,Professor,31,0,69545,0,1,1,2,MARRIED,0,0,25,53.06,506,0,890,0,1,1,1000,2,890,31486.25,VERY HIGH,0
CA,West,F,PROF-56,74,1,63071,1,1,1,1,DIVORCED,0,6500,25,55.55,2220,4,3000,6,1,1,1100,0,2200,26667.75,HIGH,1
NV,Southwest,M,First-line Manager,28,0,60528,0,0,0,2,SINGLE,0,0,25,53.07,0,1,0,1,0,0,1500,1,0,18932.0,MEDIUM,0
NY,NorthEast,M,PROF-33,27,0,59135,3,1,1,3,MARRIED,0,1600,303,53.3,548,3,1000,3,1,3,1000,3,300,22983.75,HIGH,0
MI,Midwest,M,PROF-29,47,1,63074,1,1,0,1,SINGLE,25915,10140,25,54.37,26431,13,0,5,0,1,800,2,2090,13968.5,LOW,0
NY,NorthEast,M,PROF-16,51,1,90725,1,1,1,1,WIDOWED,0,17500,25,57.55,8091,2,5000,6,1,4,3000,3,3500,31281.25,VERY HIGH,1
CA,West,F,IT Staff,26,1,87936,5,1,1,5,MARRIED,0,4500,25,54.94,1172,3,5000,5,1,1,3500,6,1500,22084.0,HIGH,1
IL,Midwest,M,Programmer/Developer,29,0,60550,3,1,0,3,SINGLE,0,550,99,53.01,109,16,0,2,0,2,1000,2,0,13537.5,LOW,0
MI,Midwest,F,Software Engineer,60,1,61057,1,1,1,1,WIDOWED,0,24600,25,73.61,14975,4,6705,8,1,5,800,0,4600,24764.25,HIGH,1
OK,Midwest,F,Not specified,35,1,66941,1,1,1,1,MARRIED,0,2400,55,53.36,770,16,1000,3,1,1,500,3,400,23735.25,HIGH,1
CA,West,M,PROF-32,46,0,61703,1,1,1,1,MARRIED,0,0,25,53.06,506,0,1300,0,1,1,1500,1,1300,28525.75,HIGH,0
NY,NorthEast,M,Publisher,25,1,65594,3,1,1,3,DIVORCED,0,0,25,54.24,510,1,2700,5,1,1,900,2,2700,19398.5,MEDIUM,0
OR,West,M,Administrator,42,1,68407,1,1,0,1,SINGLE,0,13602,23324,54.07,24350,2,0,5,0,5,1000,3,4352,14801.75,MEDIUM,0
UT,Southwest,M,First-line Manager,79,0,66318,6,1,0,4,SINGLE,0,0,25,53.07,713,2,0,1,0,0,500,1,0,14479.5,MEDIUM,0
CA,West,M,Programmer/Developer,32,0,60948,3,1,0,3,SINGLE,0,500,25,53.56,196,15,0,4,0,2,600,1,0,13937.0,LOW,1
WA,West,F,PROF-39,52,1,73090,5,1,2,5,DIVORCED,0,1750,25,53.33,249,10,2728,3,2,3,1500,1,2728,30972.5,VERY HIGH,0
CA,West,M,Accountant,77,1,62253,4,1,1,4,MARRIED,0,0,25,53.06,504,0,800,0,1,0,800,1,800,22263.25,HIGH,0
NY,NorthEast,M,Technical Writer,39,1,56237,3,1,1,3,DIVORCED,1896,1200,1820,53.15,3783,3,2000,2,1,3,1500,3,2000,18459.25,MEDIUM,0
OR,West,M,Programmer/Developer,29,0,61495,3,1,1,3,MARRIED,0,650,25,54.0,318,3,724,5,1,2,1000,1,724,23773.75,HIGH,1
CA,West,F,Law Enforcement Officer,58,1,91279,1,1,1,1,WIDOWED,0,14001,570,53.7,1101,4,5000,4,1,5,3000,0,1,32119.75,VERY HIGH,0
NY,NorthEast,M,Programmer/Developer,20,0,71812,3,1,0,3,SINGLE,0,500,30,53.23,130,4,0,3,0,2,1000,6,0,15453.0,MEDIUM,1
MI,Midwest,M,PROF-12,22,0,64703,3,1,1,3,SINGLE,0,0,25,53.06,0,1,250,0,1,0,1000,1,250,23875.75,HIGH,0
NY,NorthEast,M,Sales Representative,28,1,68889,3,1,1,3,MARRIED,0,0,1962,53.24,2024,8,700,3,1,1,1000,4,700,20522.25,MEDIUM,0
FL,South,F,Homemaker,50,1,64533,3,1,1,4,DIVORCED,0,8350,25,53.17,567,1,4000,2,1,4,500,0,4000,22133.25,HIGH,1
UT,Southwest,M,Professor,46,0,73987,1,1,1,1,MARRIED,0,0,25,53.06,0,0,1400,0,1,0,2500,5,1400,31596.75,VERY HIGH,0
NY,NorthEast,M,Publisher,49,0,74091,1,1,1,1,MARRIED,0,1400,882,53.09,1362,4,1600,1,1,3,1500,1,300,31922.75,VERY HIGH,0
NY,NorthEast,F,IT Staff,42,1,72173,1,1,1,1,MARRIED,0,900,305,53.53,1520,2,1200,4,1,3,1500,1,250,25743.25,HIGH,0
CA,West,M,DBA,34,1,62350,0,1,1,2,MARRIED,0,0,25,53.07,260,1,5000,1,1,1,1500,1,5000,24987.5,HIGH,0
NY,NorthEast,M,Nurse,51,0,64473,0,1,0,2,SINGLE,0,0,239,53.07,744,6,0,1,0,0,500,3,0,22218.25,HIGH,0
NY,NorthEast,M,Construction Laborer,47,0,61935,0,0,0,2,SINGLE,0,0,25,53.06,0,1,0,0,0,0,600,1,0,21183.75,MEDIUM,0
CA,West,M,PROF-48,32,1,60163,0,1,0,2,SINGLE,0,2452,4451,53.43,4963,4,0,4,0,1,500,0,552,14240.75,MEDIUM,0
UT,Southwest,M,Programmer/Developer,22,0,56486,3,0,0,3,SINGLE,0,250,25,53.06,0,0,0,0,0,2,1500,5,0,11821.5,LOW,0
CA,West,M,PROF-4,24,0,70937,3,1,1,3,SINGLE,0,0,25,53.04,0,2,396,2,1,0,1000,1,396,25634.25,HIGH,0
FL,South,M,Waiter/Waitress,30,1,66079,1,1,2,4,DIVORCED,0,0,189,53.4,232,9,4800,4,2,1,500,3,4800,34519.75,VERY HIGH,0
MN,West,F,Clerical,41,1,92255,3,1,1,4,MARRIED,0,0,59,52.78,1879,2,5000,2,1,1,3500,4,5000,28163.75,HIGH,0
MI,Midwest,F,Plumber,36,1,66712,1,1,1,1,DIVORCED,0,0,25,53.06,506,0,2000,0,1,1,500,3,2000,23778.0,HIGH,0
MI,Midwest,M,Sales Representative,23,1,65464,3,1,1,3,MARRIED,0,201,25,53.48,456,7,914,4,1,1,1000,1,914,19166.0,MEDIUM,0
NY,NorthEast,F,Programmer/Developer,21,1,71368,5,1,1,5,MARRIED,0,1200,25,53.03,683,4,800,2,1,3,1000,1,200,17442.0,MEDIUM,0
NY,NorthEast,F,PROF-31,47,1,68197,1,1,1,1,DIVORCED,0,1550,25,53.12,769,3,2700,2,1,1,1500,2,400,25249.25,HIGH,1
NY,NorthEast,M,PROF-36,25,1,63842,0,1,0,2,SINGLE,0,0,25,53.06,506,0,0,0,0,0,1000,2,0,14460.5,MEDIUM,0
MI,Midwest,F,Law Enforcement Officer,64,1,69836,1,1,1,1,DIVORCED,0,13900,25,53.59,1790,4,4500,4,1,5,900,7,900,27359.0,HIGH,0
UT,Southwest,M,PROF-17,17,0,60866,3,1,1,3,SINGLE,0,0,25,53.06,0,2,176,0,1,0,1500,5,176,22416.5,HIGH,0
DC,NorthEast,M,Waiter/Waitress,39,0,68371,1,1,1,1,MARRIED,0,0,25,53.06,0,0,951,0,1,0,2500,4,951,29492.75,HIGH,0
MI,Midwest,F,Fireman,33,1,73569,5,1,1,5,MARRIED,0,1350,361,53.05,390,15,1800,2,1,2,1500,2,1800,19192.25,MEDIUM,0
MI,Midwest,M,PROF-18,35,0,61933,3,1,1,3,MARRIED,0,0,25,53.06,506,0,700,0,1,0,700,3,700,24483.25,HIGH,0
MO,Midwest,M,Nurse,46,0,66946,0,1,0,2,SINGLE,0,0,25,53.11,505,0,0,2,0,1,500,1,0,22336.5,HIGH,0
MI,Midwest,M,Administrative Assistant,19,0,61123,0,0,0,2,SINGLE,0,0,25,53.06,0,0,0,0,0,0,1500,1,0,18180.75,MEDIUM,0
NY,NorthEast,M,Author,83,0,65218,1,1,1,1,SINGLE,43787,2201,25,56.39,55686,4,500,6,1,4,900,0,1,33104.5,VERY HIGH,0
MI,Midwest,F,First-line Manager,54,1,64432,1,1,1,1,DIVORCED,0,950,25,57.21,989,4,3000,6,1,3,1500,9,450,25008.0,HIGH,1
NY,NorthEast,F,IT Staff,51,1,64786,6,1,1,4,WIDOWED,469,15000,44,53.79,3110,4,5500,4,1,5,5000,2,3500,16296.5,MEDIUM,1
CA,West,M,Programmer/Developer,21,0,57282,3,1,0,3,SINGLE,0,600,25,53.26,655,3,0,3,0,2,1000,1,0,11920.5,LOW,0
UT,Southwest,M,Software Engineer,41,0,73116,1,1,1,1,DIVORCED,0,0,25,53.06,0,0,2500,0,1,0,2500,5,2500,30879.0,VERY HIGH,0
NY,NorthEast,F,Lab Technician,39,1,57185,5,1,1,5,DIVORCED,0,1900,25,53.94,869,2,2000,4,1,1,1000,1,2000,15696.25,MEDIUM,1
NY,NorthEast,M,PROF-3,33,0,59108,3,1,1,3,SINGLE,0,0,25,53.07,0,1,350,1,1,0,600,4,350,23577.0,HIGH,0
MI,Midwest,F,IT Staff,48,1,61884,1,1,1,1,DIVORCED,0,0,25,53.06,0,0,2500,0,1,1,800,1,2500,23771.0,HIGH,0
WA,West,M,Cashier,51,0,71120,3,1,1,4,DIVORCED,0,0,25,53.06,504,0,2000,0,1,1,1000,0,2000,28880.0,HIGH,0
FL,South,M,Programmer/Developer,31,0,66738,3,0,0,3,SINGLE,0,250,25,53.06,0,0,0,0,0,2,600,1,0,15284.5,MEDIUM,0
WA,West,F,Sales Representative,26,1,60705,1,1,1,1,DIVORCED,0,3750,25,55.36,2088,15,2500,5,1,1,1500,2,750,21276.25,MEDIUM,1
MI,Midwest,F,PROF-65,35,1,61624,5,1,1,5,DIVORCED,0,1500,59,54.74,301,3,3000,5,1,3,1500,2,500,16406.0,MEDIUM,1
TX,Southwest,M,Not specified,33,0,69052,1,1,1,1,DIVORCED,0,0,25,53.06,506,0,2000,0,1,1,1500,1,2000,29063.0,HIGH,0
IL,Midwest,M,Fireman,54,0,66090,3,1,1,3,SINGLE,0,0,25,53.06,506,0,500,0,1,0,600,1,500,27422.5,HIGH,0
NY,NorthEast,M,Construction Laborer,32,0,64183,3,1,1,3,SINGLE,0,0,25,53.05,0,0,450,2,1,0,600,1,450,24745.75,HIGH,0
NY,NorthEast,F,Administrator,64,1,59768,1,1,1,1,WIDOWED,4447,24700,7130,53.52,14333,4,6750,4,1,1,900,1,4700,24842.0,HIGH,0
CA,West,M,Dentist,32,1,69357,3,1,1,3,DIVORCED,0,1850,300,54.29,483,18,2229,5,1,1,1500,3,600,21039.25,MEDIUM,1
OR,West,M,Waiter/Waitress,19,0,66442,3,1,1,3,SINGLE,0,0,25,53.05,0,5,300,2,1,0,1000,1,300,24010.5,HIGH,0
MS,South,M,PROF-3,55,0,55367,3,1,1,3,MARRIED,0,1050,149,54.26,343,2,1369,5,1,2,1500,1,1369,24841.75,HIGH,0
CA,West,M,Programmer/Developer,23,0,65300,3,0,0,3,SINGLE,0,500,41,53.19,0,5,0,3,0,2,1000,2,0,14125.0,MEDIUM,1
NV,Southwest,M,PROF-38,40,1,70484,0,1,0,2,SINGLE,0,8900,7549,53.78,8282,12,0,4,0,4,1500,2,3500,17621.0,MEDIUM,0
MI,Midwest,M,Not specified,44,0,69518,1,1,1,1,DIVORCED,0,0,25,53.06,0,0,4850,0,1,1,800,1,4850,30279.5,VERY HIGH,0
NV,Southwest,F,PROF-12,69,0,79450,1,1,1,1,MARRIED,0,0,25,53.08,372,1,700,1,1,0,2500,1,700,35262.5,VERY HIGH,0
NY,NorthEast,F,Software Engineer,37,0,72236,5,1,1,5,MARRIED,0,2401,25,56.61,3702,4,5000,6,1,1,3000,0,1,24259.0,HIGH,1
NY,NorthEast,F,Homemaker,31,1,66889,1,1,1,4,DIVORCED,0,0,25,53.26,0,4,2600,3,1,0,1000,1,2600,24822.25,HIGH,0
DC,NorthEast,F,Truck Driver,36,1,59893,3,1,1,4,DIVORCED,0,1000,25,56.73,1399,11,2000,6,1,3,900,3,2000,19573.25,MEDIUM,1
CA,West,F,PROF-15,64,0,67145,4,1,1,4,DIVORCED,0,0,25,53.84,0,0,2873,4,1,1,1000,1,2873,27186.25,HIGH,0
CA,West,M,Programmer/Developer,21,0,64367,3,1,0,3,SINGLE,0,450,25,53.04,737,13,0,2,0,2,500,0,0,13691.75,LOW,1
CA,West,F,Not specified,50,1,74752,3,1,1,4,WIDOWED,0,19500,25,54.25,2914,3,10000,5,1,2,1300,2,3500,24688.0,HIGH,0
NY,NorthEast,M,PROF-11,34,1,66930,3,1,2,3,MARRIED,0,870,25,53.81,593,6,850,4,2,3,600,1,850,30632.5,VERY HIGH,1
MI,Midwest,F,IT Staff,46,1,64759,1,1,1,1,DIVORCED,0,0,25,53.04,506,2,3600,2,1,1,500,2,3600,24289.75,HIGH,0
CA,West,M,Programmer/Developer,25,0,62105,3,1,0,3,SINGLE,783,300,1293,53.17,2171,5,0,2,0,2,1000,1,0,13526.25,LOW,0
NY,NorthEast,F,Programmer/Developer,21,1,63248,5,1,1,5,SINGLE,0,500,25,53.12,214,4,450,2,1,2,1000,2,450,15412.0,MEDIUM,0
MI,Midwest,F,PROF-7,33,0,61329,1,1,1,1,DIVORCED,0,1250,349,53.1,365,12,1910,2,1,3,1000,1,1910,27132.25,HIGH,0
NY,NorthEast,M,Programmer/Developer,34,1,66382,3,1,1,3,SINGLE,0,540,47,53.41,280,1,650,4,1,2,600,1,650,20495.5,MEDIUM,1
UT,Southwest,F,Technical Writer,37,0,57767,1,1,1,1,MARRIED,0,250,25,52.94,0,4,1100,2,1,2,2500,5,1100,26641.75,HIGH,0
DC,NorthEast,M,Cashier,31,1,59982,1,1,1,1,MARRIED,0,0,25,53.06,509,0,1216,0,1,2,500,3,1216,21595.5,MEDIUM,0
NY,NorthEast,F,Not specified,43,0,74803,1,1,1,1,MARRIED,28829,11100,10084,53.77,38963,2,12000,4,1,4,4000,1,12000,31500.75,VERY HIGH,0
MI,Midwest,M,Childcare Worker,30,0,66494,1,1,0,1,SINGLE,0,500,25,53.19,212,2,0,3,0,2,1000,1,0,18123.5,MEDIUM,1
CA,West,F,PROF-21,44,1,79782,1,1,1,1,MARRIED,0,600,25,53.42,566,12,1055,4,1,2,2500,4,1055,27845.5,HIGH,0
NY,NorthEast,M,Homemaker,35,0,61148,3,1,1,4,DIVORCED,7357,2400,25,54.32,7939,4,3000,5,1,1,1500,4,300,24787.0,HIGH,0
NY,NorthEast,F,Clerical,74,1,66848,1,1,2,1,WIDOWED,37066,21100,6612,53.68,45750,3,10000,4,2,5,4000,0,5000,37612.0,VERY HIGH,0
NY,NorthEast,M,PROF-24,44,1,49516,0,1,1,2,MARRIED,0,11350,25,54.17,871,7,5000,5,1,4,3500,0,2650,22779.0,HIGH,1
UT,Southwest,M,PROF-28,41,0,61708,4,1,1,4,SINGLE,0,0,25,53.06,0,1,250,0,1,0,2500,5,250,23527.0,HIGH,0
NC,South,M,Programmer/Developer,20,0,64589,3,1,0,3,SINGLE,0,500,25,53.46,213,3,0,4,0,2,1000,2,0,13647.25,LOW,1
NY,NorthEast,F,Dentist,30,1,59067,1,1,2,1,MARRIED,0,0,25,53.05,0,1,883,2,2,1,1000,1,883,31266.75,VERY HIGH,0
FL,South,M,Programmer/Developer,21,0,71809,3,0,0,3,SINGLE,0,250,25,53.05,0,4,0,2,0,2,1000,1,0,15552.25,MEDIUM,0
WI,Midwest,M,Programmer/Developer,27,0,54882,3,1,1,3,SINGLE,0,250,25,53.08,0,1,250,1,1,2,1500,1,250,21920.5,MEDIUM,0
CA,West,M,Nurse,34,0,69742,0,1,1,2,DIVORCED,0,0,25,53.17,504,0,3000,2,1,1,900,0,3000,31835.5,VERY HIGH,0
NC,South,M,Sales Representative,37,0,65950,3,1,1,4,MARRIED,0,500,25,54.08,480,8,845,5,1,2,600,2,845,26187.5,HIGH,1
NY,NorthEast,M,PROF-3,23,1,62171,5,1,1,5,DIVORCED,0,1600,25,55.14,1558,3,4000,5,1,1,2000,10,600,15342.75,MEDIUM,1
MI,Midwest,F,Programmer/Developer,37,0,58703,1,1,1,1,MARRIED,0,350,673,53.16,688,3,670,2,1,2,700,3,670,26875.75,HIGH,0
CA,West,M,Programmer/Developer,29,1,69382,3,1,0,3,SINGLE,0,550,25,53.02,935,8,0,2,0,2,1000,1,0,10745.5,LOW,0
MI,Midwest,F,Author,67,0,58942,1,1,1,1,DIVORCED,0,2100,23122,54.46,23180,2,2500,5,1,1,1500,4,700,29935.5,HIGH,0
CA,West,M,Professor,32,0,61776,2,1,1,2,MARRIED,0,0,25,53.71,500,0,1716,4,1,1,900,0,1716,25644.0,HIGH,0
CA,West,M,PROF-30,22,0,59720,3,0,0,3,SINGLE,0,0,25,53.06,0,1,0,0,0,0,1000,1,0,12630.0,LOW,0
DC,NorthEast,M,Nurse,42,1,64367,2,1,1,2,DIVORCED,0,0,25,53.07,0,1,4000,1,1,0,1000,1,4000,22291.75,HIGH,0
NY,NorthEast,F,IT Staff,48,1,48811,1,1,1,1,MARRIED,0,12001,25,61.44,7283,1,6000,7,1,4,5000,1,1,20502.75,MEDIUM,1
NY,NorthEast,M,Programmer/Developer,23,0,59140,3,1,0,3,SINGLE,0,0,222,53.25,292,18,0,3,0,1,1000,6,0,12585.0,LOW,0
NY,NorthEast,M,Programmer/Developer,25,1,59099,3,1,1,3,DIVORCED,0,0,43,53.25,3241,8,3000,3,1,1,900,2,3000,17774.75,MEDIUM,0
NY,NorthEast,M,Programmer/Developer,22,0,61369,3,1,0,3,SINGLE,0,540,25,53.54,230,3,0,4,0,2,1000,4,0,13042.25,LOW,1
NY,NorthEast,F,Author,0,1,52067,5,1,1,5,MARRIED,0,2250,18683,54.12,20571,2,1500,5,1,4,2400,0,750,0.0,LOW,0
CA,West,M,Programmer/Developer,26,0,57728,3,1,1,3,DIVORCED,0,640,29,53.89,158,9,1834,4,1,2,1000,1,1834,22532.0,HIGH,1
WA,West,F,PROF-59,51,1,61602,1,1,1,1,WIDOWED,0,17700,25,58.59,5765,2,5000,6,1,5,1000,1,4000,24000.5,HIGH,1
MI,Midwest,M,PROF-3,24,0,70245,3,1,1,3,SINGLE,0,0,25,53.06,508,0,200,0,1,1,900,0,200,25461.25,HIGH,0
NY,NorthEast,F,Clerical,64,1,47113,1,1,1,1,WIDOWED,0,16800,25,53.1,670,3,5000,2,1,4,3500,0,3100,21678.25,MEDIUM,1
NV,Southwest,M,Lab Technician,30,0,60554,3,1,1,3,DIVORCED,0,0,25,53.06,0,0,2000,0,1,1,1000,1,2000,23638.5,HIGH,0
CA,West,M,DBA,34,0,65080,1,1,1,1,MARRIED,0,1550,1291,53.13,1304,18,1200,2,1,3,1500,4,1200,28170.0,HIGH,0
IL,Midwest,M,Programmer/Developer,21,0,67791,3,1,0,3,SINGLE,0,500,25,53.15,134,3,0,2,0,2,1000,3,0,14547.75,MEDIUM,1
FL,South,M,PROF-23,35,1,59851,4,1,1,4,MARRIED,0,1400,25,53.04,3316,3,1500,2,1,2,500,3,1500,17462.75,MEDIUM,0
NY,NorthEast,M,Mason,28,0,60726,3,1,1,3,SINGLE,0,0,1001,53.18,1016,4,530,3,1,1,1000,1,530,23481.5,HIGH,0
NY,NorthEast,M,Author,66,1,68128,0,1,0,2,SINGLE,49216,0,25,55.45,49721,12,0,5,0,1,1500,2,0,19632.0,MEDIUM,0
CA,West,M,Professor,54,1,61290,0,1,1,2,MARRIED,0,6000,422,53.57,9623,17,1600,4,1,4,900,1,1500,26722.5,HIGH,0
FL,South,M,Nurse,27,0,64028,3,1,1,3,SINGLE,0,0,25,53.06,0,0,205,0,1,0,1000,1,205,24207.0,HIGH,0
CA,West,M,Construction Laborer,64,1,67016,0,1,0,2,SINGLE,0,4306,88,53.21,9354,2,0,3,0,1,900,0,956,19154.0,MEDIUM,0
DC,NorthEast,M,Cashier,49,1,65943,3,1,1,3,DIVORCED,0,5500,25,53.11,966,1,2800,2,1,4,1500,2,2800,21885.75,MEDIUM,0
MI,Midwest,F,PROF-34,28,0,60373,1,1,1,1,DIVORCED,0,0,25,53.07,508,0,2339,1,1,1,1500,1,2339,26393.25,HIGH,0
MI,Midwest,M,Programmer/Developer,24,1,69908,3,1,1,3,SINGLE,16579,450,74,53.24,16861,3,600,3,1,2,1000,1,600,20377.0,MEDIUM,0
MI,Midwest,M,PROF-51,24,0,63837,3,1,1,3,MARRIED,0,251,141,53.09,152,12,1147,1,1,2,1000,3,1147,23859.25,HIGH,0
MI,Midwest,M,First-line Manager,21,0,57733,3,1,1,3,SINGLE,0,0,281,53.05,292,4,250,2,1,1,1000,1,250,22033.25,HIGH,0
CA,West,M,PROF-32,25,0,61960,5,1,1,5,MARRIED,0,4750,25,54.96,0,5,6000,5,1,1,5000,1,950,20490.0,MEDIUM,1
CA,West,M,Nurse,23,0,56255,0,1,0,2,SINGLE,0,0,25,53.06,507,0,0,0,0,0,1500,1,0,17363.75,MEDIUM,0
NY,NorthEast,M,Programmer/Developer,22,1,68679,3,0,0,3,SINGLE,0,500,25,53.34,0,1,0,3,0,2,1000,3,0,9869.75,LOW,0
MN,West,M,Administrator,44,1,64209,0,1,0,2,SINGLE,0,6372,288,53.8,2001,2,0,4,0,4,600,1,936,16452.25,MEDIUM,1
NC,South,M,PROF-37,21,1,69428,3,1,2,3,MARRIED,108,600,55,52.76,328,2,1500,2,2,2,1500,1,1500,29957.0,HIGH,0
NY,NorthEast,F,Cashier,54,1,57501,1,1,1,4,DIVORCED,76470,10525,21069,56.85,98684,1,3500,6,1,4,1300,3,2275,24775.25,HIGH,0
MN,West,M,Programmer/Developer,27,0,54915,3,1,1,3,SINGLE,0,500,25,53.34,0,4,350,3,1,2,1500,1,350,21928.75,MEDIUM,1
CA,West,F,Clerical,30,1,73082,5,1,1,5,DIVORCED,0,5390,25,59.09,5311,2,2000,6,1,4,1500,1,2000,18770.5,MEDIUM,1
MN,West,F,IT Staff,37,1,57638,1,1,1,1,MARRIED,0,22700,18779,53.35,23870,4,6000,3,1,3,900,3,3700,21609.5,MEDIUM,0
NY,NorthEast,M,IT Staff,61,1,65727,0,1,1,2,MARRIED,0,0,25,53.06,511,0,727,0,1,1,800,2,727,28531.75,HIGH,0
CA,West,M,Programmer/Developer,21,0,68654,3,1,0,3,SINGLE,0,540,25,53.39,246,17,0,4,0,2,1000,1,0,14763.5,MEDIUM,1
CA,West,M,Bank Teller,39,1,68987,2,1,1,2,MARRIED,0,0,25,53.08,0,5,1500,1,1,1,1000,1,1500,23146.75,HIGH,0
DC,NorthEast,M,Cashier,34,0,64101,4,1,1,4,MARRIED,0,0,25,53.3,345,11,1487,3,1,1,500,1,1487,23425.25,HIGH,0
NV,Southwest,M,IT Staff,20,1,60676,1,1,1,1,MARRIED,0,500,333,54.39,444,2,1000,5,1,2,1000,1,1000,20669.0,MEDIUM,1
CA,West,M,Nurse,48,1,68477,0,1,1,2,DIVORCED,0,5200,20055,54.11,20719,10,2214,5,1,2,800,2,1900,27919.25,HIGH,0
MI,Midwest,M,Programmer/Developer,24,0,59865,3,0,0,3,SINGLE,0,750,25,53.11,0,1,0,2,0,3,1000,8,0,12866.25,LOW,1
MS,South,F,IT Staff,61,1,66173,2,1,1,2,DIVORCED,0,3500,25,59.58,2975,12,3500,6,1,1,900,0,3500,24643.25,HIGH,1
MI,Midwest,M,Administrative Assistant,40,0,62391,0,1,0,2,SINGLE,0,0,25,54.93,2463,3,0,5,0,1,700,9,0,20597.75,MEDIUM,0
IL,Midwest,M,Clerical,32,0,66267,0,1,0,2,SINGLE,0,0,25,53.17,567,3,0,2,0,0,600,1,0,20766.75,MEDIUM,1
MI,Midwest,M,Programmer/Developer,27,0,63221,3,1,0,3,SINGLE,0,750,25,53.02,101,2,0,2,0,3,1000,2,0,14005.25,MEDIUM,1
WI,Midwest,M,Programmer/Developer,19,1,57064,3,1,0,3,SINGLE,0,700,25,53.1,185,7,0,2,0,3,1000,1,0,6666.0,LOW,0
NY,NorthEast,F,PROF-15,69,1,68848,1,1,1,1,MARRIED,0,4750,95,54.27,1392,5,1800,5,1,1,1500,0,850,27612.0,HIGH,1
NY,NorthEast,M,PROF-1,28,0,74323,1,1,1,1,MARRIED,0,500,25,53.42,2591,13,1400,4,1,2,1500,1,1400,29880.75,HIGH,0
NV,Southwest,M,Not specified,27,0,57045,3,1,1,3,MARRIED,0,2500,3811,53.94,6840,14,1500,4,1,1,1500,1,1500,22461.25,HIGH,0
NY,NorthEast,M,Fireman,21,0,64674,3,1,1,3,MARRIED,0,650,25,53.21,0,1,1107,3,1,2,1000,1,1107,23768.5,HIGH,1
CA,West,F,IT Staff,47,0,58116,1,1,1,4,DIVORCED,0,7000,25,62.12,10943,4,4000,7,1,1,1000,10,3000,29229.0,HIGH,1
NY,NorthEast,F,Sales Representative,23,0,58592,1,1,1,1,SINGLE,0,0,25,53.07,0,0,448,1,1,0,2500,1,448,25448.0,HIGH,0
NY,NorthEast,M,IT Staff,45,1,76355,1,1,1,1,DIVORCED,0,2900,25,53.33,849,4,2000,3,1,5,1500,0,500,27088.75,HIGH,0
MI,Midwest,M,PROF-39,34,1,61815,3,1,0,3,SINGLE,0,2053,1955,53.08,2470,2,0,1,0,3,700,3,553,9353.75,LOW,0
CA,West,M,Nurse,63,1,67617,0,1,0,2,SINGLE,0,0,25,53.11,1457,1,0,2,0,0,900,1,0,19204.25,MEDIUM,0
NY,NorthEast,M,PROF-7,39,1,62845,3,1,1,3,DIVORCED,0,0,25,53.07,543,1,2000,1,1,1,500,3,2000,20111.25,MEDIUM,0
CA,West,F,Author,72,0,69457,1,1,1,1,MARRIED,0,501,25,53.46,8946,1,773,4,1,2,800,1,773,33064.25,VERY HIGH,0
CA,West,M,Administrator,42,0,62427,0,1,1,2,MARRIED,0,0,25,53.06,512,0,1000,0,1,3,500,3,1000,30806.75,VERY HIGH,0
NY,NorthEast,M,Dentist,46,0,59079,4,1,1,4,MARRIED,0,0,25,53.21,0,2,1000,3,1,1,2500,1,1000,23369.75,HIGH,0
DC,NorthEast,M,Waiter/Waitress,68,0,58918,0,1,1,2,MARRIED,0,0,25,53.07,523,3,1000,1,1,0,800,1,1000,32529.5,VERY HIGH,0
CA,West,M,Bank Teller,42,1,57616,0,1,1,2,MARRIED,3425,2877,25,53.41,5183,1,900,4,1,1,900,3,477,24604.0,HIGH,0
NY,NorthEast,F,Author,76,1,60675,4,1,1,4,DIVORCED,0,1201,174,53.09,683,1,2430,1,1,3,500,0,2430,21768.75,MEDIUM,0
CA,West,M,PROF-8,31,0,65707,5,1,1,5,DIVORCED,0,2400,25,53.53,269,4,4500,4,1,1,3000,3,4500,22026.75,HIGH,1
CA,West,M,Author,58,0,68357,6,1,1,4,MARRIED,0,750,25,53.22,166,2,1254,3,1,3,1500,1,250,22889.25,HIGH,1
NY,NorthEast,M,Programmer/Developer,23,0,58079,3,1,0,3,SINGLE,0,250,7544,53.4,8082,14,0,4,0,2,1000,1,0,12319.75,LOW,0
MI,Midwest,M,PROF-6,26,0,69905,3,0,0,3,SINGLE,0,0,25,53.06,0,0,0,0,0,0,1500,1,0,15576.25,MEDIUM,0
CA,West,F,Not specified,49,1,60322,3,1,1,4,WIDOWED,30650,9550,266,53.73,33850,12,6500,4,1,4,900,2,1700,20980.5,MEDIUM,0
NY,NorthEast,F,Bank Teller,53,1,63109,2,1,1,2,MARRIED,0,0,25,53.11,890,3,1500,2,1,2,500,1,1500,23077.25,HIGH,0
CA,West,M,PROF-20,33,1,64047,3,1,1,3,MARRIED,0,1000,482,53.53,1125,13,1600,4,1,4,900,0,200,19811.75,MEDIUM,0
NY,NorthEast,M,PROF-12,29,0,57796,3,1,1,3,MARRIED,0,460,25,53.85,378,2,700,4,1,2,1500,1,700,22849.0,HIGH,1
CA,West,M,PROF-18,28,0,71650,3,1,1,3,MARRIED,0,500,25,53.15,0,9,1050,2,1,2,1000,1,1050,26212.5,HIGH,1
NV,Southwest,M,PROF-32,56,0,61661,0,1,0,2,SINGLE,0,0,25,53.17,593,0,0,2,0,1,500,2,0,22015.25,HIGH,0
CA,West,F,Not specified,46,1,73217,3,1,1,4,DIVORCED,0,12000,10426,55.09,10995,5,4000,5,1,9,1200,3,2000,23904.25,HIGH,0
CA,West,M,IT Staff,0,0,64483,0,1,0,2,SINGLE,0,0,25,53.06,509,0,0,0,0,0,900,3,0,0.0,LOW,0
CA,West,M,Programmer/Developer,24,0,70489,3,0,0,3,SINGLE,0,0,25,53.06,0,0,0,0,0,0,1500,1,0,15522.25,MEDIUM,0
